#{"t_start": 1774931892.4156628, "env_id": "None"}
r,l,t
22.061445,63,0.115201
44.167433,65,0.242501
88.061626,29,0.402271
-4.815716,115,0.611552
-31.235895,200,0.934256
-4.31241,103,1.165174
58.856986,70,1.370032
37.854955,56,1.529493
76.782901,33,1.659395
29.145265,71,1.815376
8.931582,52,1.966707
20.976492,76,2.131598
22.404611,48,2.340876
30.637624,26,2.484339
12.299623,114,2.725464
20.308362,51,2.882757
40.085883,49,3.010975
32.625396,103,3.215204
31.989633,43,3.393786
-20.588188,163,3.675906
46.016341,63,3.841889
22.214937,30,3.99184
-0.948115,77,4.171125
46.303329,28,4.270214
19.595063,68,4.482479
34.592173,49,4.631369
36.453644,80,4.811935
19.685486,43,4.940511
22.469435,137,5.180811
29.778819,71,5.386891
51.325183,72,5.616658
-2.006098,82,5.79219
35.946659,74,5.984182
14.999627,33,6.135428
13.626555,89,6.355293
30.641784,109,6.586098
46.138257,46,6.777835
52.279697,49,6.904826
50.710676,70,7.082188
9.194005,59,7.232336
26.763706,126,7.491507
25.943356,115,7.720264
47.611511,50,7.89327
21.3147,56,8.166638
-21.81753,142,8.411666
39.872297,53,8.603999
53.780118,74,8.790595
55.023297,66,8.997761
82.700449,32,9.165232
41.568481,42,9.297487
26.992555,59,9.472991
43.45103,56,9.646857
63.199827,46,9.792346
37.556137,25,9.904571
53.275901,62,10.079304
-0.216086,111,10.406066
34.372764,49,10.601372
33.486013,56,10.795017
24.989346,32,10.919715
-35.461406,267,11.330403
44.120023,44,11.488539
62.455356,33,11.678721
34.369067,46,11.830033
21.504249,42,12.011362
5.180774,186,12.308625
31.653237,63,12.5176
21.979443,46,12.683383
42.923982,90,12.884782
59.074521,17,12.992418
43.242809,37,13.155622
43.179313,75,17.681634
10.906089,115,17.93306
-5.002282,95,18.165387
38.736917,40,18.339772
30.772732,57,18.541435
28.223502,71,18.717091
-0.823631,92,18.932786
24.903369,66,19.074485
35.663317,51,19.254139
20.616886,89,19.474914
11.608584,134,19.865648
38.214933,113,20.090594
21.628806,148,20.354929
61.30909,46,20.544346
40.160729,101,20.752772
48.724593,43,20.934494
30.7837,90,21.141448
10.438865,186,21.496691
11.724697,98,21.763461
34.34861,82,21.99695
72.736984,68,22.20814
-22.700534,110,22.448688
34.122918,91,22.650455
23.537992,35,22.787202
61.280071,48,22.929094
41.641983,73,23.126858
52.518604,34,23.291062
47.669729,58,23.482363
34.022313,126,23.755718
21.508482,33,23.911415
14.454856,68,24.096097
39.348413,74,24.295189
54.598641,56,24.504955
40.470974,70,24.718406
60.219608,66,24.923202
-3.885965,86,25.15008
34.760772,73,25.388648
23.430138,155,25.646886
5.200015,73,25.825007
21.990078,73,26.015232
11.662037,53,26.165303
33.852011,78,26.376046
25.057361,51,26.557023
9.641493,40,26.697301
57.169028,26,26.830495
-17.658947,242,27.224205
0.063106,169,27.504153
23.435979,69,27.69192
2.488469,114,27.971159
38.474407,62,28.167334
41.531383,62,28.327354
31.875198,119,28.570585
31.357949,60,28.761908
68.21034,17,28.874281
11.188941,55,29.029365
13.932346,85,29.251562
44.103596,56,29.44262
54.979393,28,29.564417
31.626949,63,29.750408
46.320335,33,29.912815
14.956561,43,30.073629
63.445047,39,30.224755
24.241484,66,30.404963
20.495979,86,30.581514
9.525352,104,35.151814
41.760463,63,35.308512
14.622645,103,35.558877
66.891368,92,35.804473
27.332857,111,36.013765
46.775816,40,36.293226
15.978807,61,36.524924
77.275612,38,36.820896
19.32965,42,36.952089
25.714461,66,37.149297
72.848698,33,37.27834
5.006064,64,37.475753
21.701418,63,37.684474
70.834481,40,37.843242
48.587808,60,38.028215
71.053573,47,38.188892
23.205501,44,38.371115
32.493451,56,38.541834
-4.019099,92,38.808531
60.059427,55,38.95935
32.483725,48,39.122828
48.942005,96,39.301069
55.010158,41,39.459455
50.483625,61,39.668459
10.16836,76,39.842777
24.947967,80,40.037478
21.806881,84,40.237723
-0.316764,91,40.574905
29.580149,57,40.843977
35.301583,55,41.055357
64.441547,46,41.207512
19.214855,65,41.366257
-10.622234,167,41.690155
15.287282,155,41.974466
48.731918,51,42.121312
16.368299,123,42.365893
33.275575,34,42.509787
31.005668,79,42.749644
-2.786035,148,42.990629
25.943177,23,43.129645
63.982975,31,43.295875
9.941137,73,43.48753
35.871618,103,43.71148
30.917613,71,43.887162
-55.847993,279,44.327798
74.783931,25,44.442435
15.264595,34,44.612349
69.175517,33,44.733894
15.751131,80,44.963309
13.511043,109,45.192595
41.190674,40,45.356383
37.123814,61,45.513072
32.465732,42,45.636539
52.961586,49,45.817674
14.542653,67,45.951998
39.784246,43,46.127663
-8.640696,135,46.411195
30.130333,67,46.600573
32.121529,63,46.792834
43.46558,37,46.925132
72.883895,46,47.071124
6.82463,43,47.209923
34.080918,33,47.368571
70.76814,21,47.501719
30.654015,25,47.638108
15.0164,83,47.841178
61.777199,65,48.033202
24.553502,52,48.206076
55.966942,79,48.395231
42.818376,59,48.57178
23.170982,44,48.692863
32.37987,85,48.911647
49.31771,41,49.056176
43.100135,66,49.210145
49.180082,71,53.532614
27.39873,27,53.664474
1.086495,227,54.034289
68.929527,38,54.188664
52.121415,53,54.364285
46.411645,33,54.531403
-3.777402,68,54.832196
41.013654,26,54.965044
37.521745,72,55.196445
-6.121567,141,55.48861
0.646658,55,55.633759
34.571642,71,55.814717
56.61744,72,56.024713
9.528324,87,56.234583
41.849638,48,56.422312
16.213228,67,56.657716
18.54715,75,56.842877
38.04749,53,57.043294
28.772958,53,57.231076
71.340619,41,57.405153
49.047918,116,57.650923
4.789975,71,57.851696
68.160825,51,58.028092
33.955425,35,58.174766
79.190559,46,58.354448
57.634532,55,58.506638
-13.511771,258,58.919132
62.353131,81,59.156324
23.514039,53,59.359897
-8.193625,111,59.639008
23.65194,36,59.813188
22.243573,59,59.981287
3.194432,122,60.211848
56.598496,25,60.358134
18.31726,123,60.620285
23.570547,25,60.722146
35.392039,38,60.891954
10.149857,29,61.028205
33.173801,96,61.226063
14.674637,138,61.529672
14.426555,162,61.811056
32.779689,83,62.063973
27.04884,72,62.257071
9.510914,104,62.46735
11.556736,84,62.676124
50.282406,61,62.886951
28.124101,49,63.101326
22.829605,68,63.330283
52.893592,47,63.488983
52.708442,53,63.653091
17.920913,118,63.8982
36.378167,30,64.062832
5.066619,73,64.274979
55.436531,22,64.421682
-0.189112,63,64.594403
70.553258,36,64.778544
45.18826,84,64.99565
51.309331,47,65.129181
29.491488,50,65.296259
9.346948,104,65.495926
65.612794,81,65.699699
73.240917,31,65.848851
14.43962,69,66.003974
1.140674,174,66.320426
47.906937,57,66.508718
48.858825,47,66.684148
86.390162,25,66.818935
41.112961,161,67.111287
33.529487,97,71.514391
17.845302,70,71.754399
63.104095,32,71.911125
10.678369,223,72.281954
24.659321,68,72.456778
41.783249,38,72.70171
44.005319,86,72.997145
13.248271,155,73.279191
74.199836,29,73.475981
78.187221,32,73.656933
41.927308,44,73.795047
88.453288,26,73.927487
38.629125,71,74.112785
65.616555,80,74.308172
39.89475,73,74.501987
22.137352,76,74.724916
45.482108,55,74.9049
40.9809,55,75.031091
65.79787,24,75.222642
38.146659,57,75.509475
16.885703,37,75.765834
33.654585,44,76.006548
38.959903,70,76.277189
28.760945,25,76.423957
45.619249,48,76.600299
16.853649,133,76.840462
38.730206,39,77.037127
9.097122,114,77.242894
27.028485,59,77.407959
67.154685,56,77.579939
51.538808,39,77.757318
64.688597,64,77.951546
80.690668,30,78.079833
53.505744,42,78.200073
18.330534,65,78.352863
63.12798,98,78.585976
43.661456,78,78.769388
27.243727,58,78.978514
55.404382,74,79.198135
82.499183,25,79.379394
43.206996,29,79.540493
31.746729,47,79.760994
59.226699,88,79.960874
42.297643,28,80.100714
20.284439,72,80.274805
8.045845,124,80.566399
-20.402122,155,80.865639
54.45795,34,81.004443
73.732234,43,81.170035
20.945045,63,81.375206
45.484445,46,81.555586
59.894554,52,81.691577
-2.490809,137,81.951878
22.223615,40,82.095508
45.048091,54,82.235583
32.844207,60,82.433629
38.052154,94,82.668075
2.755181,58,82.85833
21.519146,78,83.042606
19.747134,70,83.238547
16.501617,61,83.445864
19.954961,86,83.649494
54.537689,51,83.817231
76.652647,48,83.989793
40.748863,34,84.165141
55.266424,13,84.303585
47.202639,60,84.48981
40.842207,48,84.614223
29.493876,64,84.824042
-71.125067,253,85.217882
38.907019,23,85.381678
6.263429,73,85.523173
-22.984784,176,85.862052
42.385499,38,86.000066
-5.641623,83,90.425404
-49.745126,181,90.729628
46.214728,27,90.866374
44.78348,55,91.07135
34.992502,66,91.243984
82.545817,30,91.51554
68.479408,57,91.744891
29.908499,137,91.989366
49.867303,19,92.128287
52.190536,33,92.307956
14.71688,70,92.487413
51.60503,46,92.671015
28.739505,43,92.844829
75.697394,42,92.978093
56.940899,66,93.169484
65.980721,41,93.336628
55.27745,63,93.510576
43.387555,92,93.728678
35.162772,73,93.912598
32.155823,61,94.068971
27.063062,38,94.222551
47.70584,46,94.421683
47.900095,19,94.534818
20.139966,73,94.766633
32.505852,24,94.897503
55.220195,55,95.079275
2.486694,129,95.331851
24.799224,97,95.546362
20.562303,46,95.726136
82.545872,25,95.853574
32.491445,78,96.052956
56.596301,63,96.273893
37.196958,55,96.432398
62.063878,31,96.574472
81.373809,19,96.720927
31.263488,35,96.866852
64.809198,38,97.015933
60.820236,41,97.210441
32.231523,113,97.459551
40.256175,66,97.667184
13.948852,67,97.848942
41.570397,84,98.053311
39.050822,61,98.261411
48.141188,34,98.456238
16.747748,55,98.646439
52.764367,18,98.757204
91.644011,39,98.957944
58.303404,47,99.138365
69.976159,16,99.308452
22.196009,62,99.556799
5.80005,49,99.725266
55.324771,48,99.918949
51.517839,33,100.080369
15.007888,66,100.296719
10.403306,93,100.501606
42.581266,75,100.686514
34.497681,57,100.832952
31.528917,65,101.031681
61.335862,69,101.235544
25.790083,44,101.392446
22.697753,43,101.511591
18.43663,37,101.694371
14.349035,59,101.895829
41.173349,69,102.072424
-22.41341,141,102.299152
-17.135903,176,102.606273
-4.850957,105,102.8304
57.611082,64,103.0247
15.314164,33,103.2038
51.466078,60,103.396805
95.49492,49,103.574895
17.374148,135,103.837186
34.713412,32,103.984217
42.623887,52,104.151621
27.252671,93,104.341702
28.321667,97,104.559521
28.837772,38,104.704923
34.681144,115,104.916715
66.243324,18,105.053225
39.89471,37,105.224818
74.649374,49,105.394786
37.283538,58,109.766439
39.020064,33,109.938007
54.515766,67,110.131219
24.048804,42,110.292537
38.923645,52,110.480067
50.721794,32,110.641013
40.712004,104,110.86987
0.31692,63,111.178576
56.799591,64,111.366106
16.336732,59,111.535562
58.023546,47,111.713188
26.756039,68,111.898806
68.100569,75,112.114627
57.211864,50,112.300348
25.549468,29,112.448985
70.224125,52,112.635621
20.449859,104,112.885985
22.24445,77,113.071257
97.197656,59,113.238816
40.151717,48,113.411726
47.190142,55,113.615685
30.924644,40,113.78148
62.221224,27,113.91889
75.674025,39,114.043534
55.148016,46,114.253934
68.74986,18,114.359653
57.834921,24,114.529358
56.801996,15,114.645839
24.94029,31,114.748382
51.681077,64,114.968545
39.99028,82,115.125342
51.420932,39,115.304521
33.526753,75,115.491093
44.950482,77,115.676997
44.63376,65,115.836338
-2.995071,126,116.101192
43.247414,71,116.308919
62.797955,27,116.472598
9.894542,89,116.666123
69.641676,63,116.82893
-23.455004,223,117.209943
80.671902,30,117.378556
29.509194,78,117.609454
34.614549,43,117.756452
38.040055,112,117.967262
82.159756,22,118.123641
51.2621,43,118.333423
59.657421,27,118.482297
25.982046,100,118.700134
54.312589,41,118.827381
85.717751,25,118.961961
45.241394,127,119.175153
41.872039,57,119.340788
8.136608,71,119.578767
43.164618,132,119.844685
69.921188,87,120.047891
40.872064,31,120.163937
37.497902,40,120.3182
50.466742,67,120.521407
9.816294,43,120.714475
34.903807,108,121.058485
12.607499,108,121.409543
27.108143,52,121.736305
41.820527,71,122.121585
41.391266,19,122.324516
51.248097,49,122.626067
37.475903,71,122.916323
39.425419,63,123.122875
60.405617,83,123.311286
66.444801,51,123.460552
54.685917,69,123.642469
15.394682,110,123.890792
78.806996,18,124.029865
55.973311,52,124.227779
3.744352,100,124.492964
59.865515,68,124.704924
29.223881,112,124.932975
12.458277,104,125.20565
52.813561,39,125.377955
12.170099,89,129.666824
35.350121,110,129.880123
83.539422,42,130.02946
44.831236,76,130.233512
15.367056,77,130.411908
45.904218,31,130.557922
68.441734,30,130.809417
78.361917,61,131.021451
34.738176,64,131.277314
22.924522,24,131.42234
58.167825,55,131.626217
37.665245,59,131.850075
90.725758,51,132.008641
59.606545,40,132.168386
29.831566,35,132.34487
53.37754,20,132.453371
57.104377,30,132.616369
76.143826,30,132.76532
47.690563,44,132.9443
52.035314,82,133.19137
23.547062,99,133.384393
31.322528,42,133.564696
40.839872,37,133.747584
-2.386495,26,133.895672
53.629047,42,134.112231
13.200858,54,134.270519
10.249758,49,134.45941
27.866332,83,134.639559
57.435951,27,134.784536
53.626365,23,134.919322
47.433781,26,135.061176
62.255647,35,135.198802
38.805597,64,135.359694
59.551466,25,135.501707
18.719934,99,135.753933
46.127714,46,135.905406
42.355398,56,136.09478
45.798864,90,136.323601
91.125511,25,136.43918
51.269127,134,136.730366
75.123159,35,136.863723
57.065858,20,136.9913
58.76017,87,137.211773
58.453555,71,137.395465
17.476466,66,137.587552
33.057584,41,137.776616
62.088524,47,137.941379
28.713726,40,138.08636
29.206638,102,138.286193
44.596607,57,138.442966
48.272772,38,138.584468
20.105212,45,138.726615
2.854188,57,138.917846
53.990989,70,139.129553
18.019571,98,139.363095
57.948745,81,139.585454
24.698693,82,139.760617
14.137418,21,139.877402
86.805108,42,139.9992
54.115156,65,140.22185
57.747076,33,140.393991
46.224902,56,140.556595
12.668495,82,140.764911
24.179963,45,140.929302
17.395128,46,141.088877
28.851556,65,141.298106
53.535203,58,141.480733
54.377466,58,141.66188
95.12031,45,141.895912
12.277723,36,142.025249
57.470749,65,142.248969
32.099093,107,142.477236
-6.290138,210,142.807762
35.511544,52,142.972348
71.464731,53,143.107861
39.524516,51,143.327104
23.84048,113,143.552874
55.580757,22,143.729444
30.131077,80,143.942837
40.185053,39,144.125467
64.124378,37,144.311442
43.674344,99,144.55318
33.50266,49,144.735425
40.758271,50,144.937375
28.466109,35,145.065652
31.795783,60,145.260011
26.806741,73,145.461788
35.452481,29,145.575002
44.494868,78,149.696522
46.08587,70,149.908127
89.772421,44,150.068374
62.672403,82,150.269961
46.144321,41,150.455265
66.321975,30,150.672118
73.259377,54,150.919296
21.560286,92,151.13832
25.849133,64,151.34707
50.802915,65,151.544871
-5.461335,121,151.826529
65.012092,33,151.949558
30.694464,73,152.170539
47.89788,42,152.330588
21.192884,86,152.543238
68.984819,99,152.776611
-25.746089,183,153.07723
48.82135,153,153.354087
28.135862,58,153.509012
46.85676,33,153.662511
61.854251,60,153.846574
47.885104,38,153.973681
18.553688,38,154.104395
55.607993,97,154.340986
43.050955,53,154.538917
69.402735,32,154.698118
66.001589,36,154.819603
26.749019,81,155.011554
28.571713,59,155.212576
36.130741,80,155.449185
58.758496,73,155.623587
7.793866,47,155.810446
15.125149,183,156.099359
-4.487939,100,156.339136
49.375282,70,156.5033
11.946794,50,156.667416
86.966125,26,156.841356
83.303822,34,157.011089
57.294772,32,157.162887
53.781009,44,157.312933
30.511501,169,157.622234
30.547573,44,157.776328
33.723965,59,157.970215
13.965105,45,158.123361
51.580252,74,158.360807
76.283897,41,158.516637
27.638067,38,158.639539
38.088303,45,158.79859
12.348012,43,158.963601
39.597759,43,159.125231
5.137731,49,159.283782
41.205564,87,159.510913
65.348612,45,159.667249
21.026651,131,159.956091
40.072022,64,160.153411
27.43291,84,160.394808
48.581211,41,160.554691
-24.969621,220,160.972291
42.715334,31,161.138613
44.672859,25,161.272366
66.918226,32,161.428994
41.338159,44,161.583027
33.098183,109,161.868418
78.274553,24,162.011922
71.61785,30,162.16388
69.942378,54,162.34029
56.99148,54,162.561758
55.747892,62,162.899071
82.364187,42,163.04762
-11.090375,120,163.296258
76.156565,45,163.455407
49.105588,38,163.594394
38.863726,76,163.776118
19.586902,89,163.994336
21.589483,45,164.126747
46.096353,45,168.442639
68.73158,31,168.584835
28.857465,117,168.817885
39.068285,72,169.026415
65.27925,25,169.155638
53.830217,41,169.328898
57.959108,27,169.682749
61.229637,27,169.863484
44.096697,20,170.072214
44.694492,37,170.212668
26.756354,35,170.336998
49.391418,25,170.459402
47.254282,61,170.669826
64.345721,77,170.87597
40.328472,68,171.079076
81.621208,31,171.256232
80.745042,58,171.409939
1.71359,118,171.622424
10.225752,42,171.791611
27.775738,102,172.038495
47.480483,62,172.270363
62.563661,83,172.484127
64.650879,39,172.624646
44.509531,35,172.75036
40.020388,45,172.921536
30.129894,94,173.146402
61.251061,45,173.325322
-54.334081,283,173.784635
71.301035,30,173.909005
42.8707,40,174.029131
40.441098,72,174.263886
48.045276,50,174.430252
43.683461,70,174.611847
51.094548,44,174.794441
-12.41313,62,174.987532
29.469468,66,175.162143
-3.534377,165,175.444134
38.286378,61,175.634498
38.499704,63,175.829369
16.541431,43,175.996986
53.885514,31,176.164076
46.084064,36,176.29964
61.86673,22,176.437524
44.050713,53,176.622301
64.251643,35,176.823131
38.919634,102,177.059796
43.642139,24,177.241592
51.45605,26,177.404477
60.19929,43,177.539878
54.916341,57,177.742761
30.500337,79,177.949702
52.804857,50,178.084367
52.045134,25,178.221655
11.132958,83,178.445052
57.231753,46,178.570447
64.566833,75,178.79375
27.713625,72,178.953406
56.349343,81,179.136835
50.040873,18,179.285556
36.529624,71,179.540153
35.21768,34,179.681909
67.203058,38,179.828907
61.062747,53,180.034398
25.38693,28,180.172527
65.806805,85,180.384251
0.970022,75,180.592477
48.858695,57,180.756394
18.205653,72,180.974331
56.057402,75,181.177401
43.796594,86,181.391683
41.181198,30,181.571923
35.966491,110,181.799413
58.596338,71,181.987719
83.29256,57,182.168837
79.53778,30,182.287121
61.988178,54,182.457208
38.450791,114,182.665794
25.626566,54,182.828426
84.153448,61,183.006062
45.321547,99,183.24705
34.390564,60,183.428622
17.701953,119,183.658472
-16.713449,67,188.291042
51.192537,44,188.466426
44.77665,36,188.637644
27.924701,63,188.83891
67.151109,54,188.990018
72.799716,57,189.1453
49.966347,76,189.383128
38.86918,80,189.678148
53.858302,50,189.818977
52.636685,31,189.997233
57.76611,51,190.154428
43.27152,73,190.380041
27.735738,53,190.555759
30.021513,39,190.757066
61.906935,51,190.938875
40.169453,54,191.342708
28.782827,83,191.63363
34.060613,64,191.786266
49.849888,68,191.959185
39.233526,103,192.228018
50.580022,40,192.424566
63.60875,37,192.585303
39.398115,46,192.763843
29.136001,104,192.994806
61.38371,49,193.127384
-7.975961,85,193.332741
69.470898,51,193.494271
89.652704,29,193.633693
-80.270773,300,194.072145
45.993424,87,194.305368
17.793267,196,194.639743
45.558581,73,194.849636
35.874644,61,195.03683
76.252469,47,195.19133
49.68673,64,195.376006
35.321357,60,195.581721
38.782709,62,195.78251
36.214316,53,196.001742
26.462328,79,196.237743
71.712988,35,196.435512
48.262156,33,196.622939
63.890153,36,196.776055
42.76396,38,196.897053
45.939635,106,197.124704
62.696349,47,197.261774
34.084888,240,197.6542
56.395021,75,197.868124
18.261286,52,198.037322
-2.555023,54,198.187106
27.511261,130,198.447556
48.635622,66,198.680937
61.695342,47,198.858572
10.526116,178,199.178389
39.483851,73,199.408376
72.441662,54,199.619043
21.206436,105,199.859683
43.792353,59,200.020232
54.193493,48,200.176131
79.696906,26,200.353364
19.831158,99,200.563954
68.000515,39,200.735512
42.073409,47,200.861493
33.474298,127,201.154395
72.16864,30,201.309773
44.08461,25,201.44378
74.899557,31,201.603243
77.804227,39,201.745169
3.51062,91,202.014987
58.104911,105,202.269217
70.269786,28,202.454954
64.094285,52,202.653589
34.980822,50,202.843057
69.795132,56,207.197059
37.508958,37,207.35261
14.400337,142,207.604697
22.322086,129,207.867207
31.739117,46,208.004717
37.852016,107,208.220231
36.674936,102,208.576049
25.366075,40,208.745287
28.920718,89,209.114096
30.295116,32,209.340792
45.626352,69,209.505257
51.746613,34,209.689817
32.763868,56,209.87826
48.806856,60,210.027562
45.455359,50,210.209848
57.059061,46,210.387581
57.882133,51,210.534455
17.323838,72,210.793771
21.810989,95,211.046844
34.268152,49,211.223092
45.044722,27,211.33538
21.618762,58,211.493674
-1.540698,199,211.84852
75.276221,36,212.006677
66.314487,42,212.194966
-16.511571,189,212.530808
51.821526,25,212.712443
76.522484,45,212.90946
13.077551,98,213.111058
66.43187,22,213.296273
9.619046,71,213.51007
60.328413,57,213.657723
5.261128,81,213.886141
42.163387,65,214.023538
15.050899,68,214.231594
42.063989,41,214.405213
24.003618,62,214.592417
35.600052,59,214.812178
58.188205,55,214.999461
23.419475,95,215.230476
43.413413,65,215.431436
56.483907,43,215.608256
59.841825,35,215.785511
44.787017,41,215.939182
27.549999,70,216.151685
31.813303,51,216.363841
57.138853,35,216.53391
50.672721,80,216.763969
52.843246,44,216.919801
9.393092,141,217.183102
73.879045,16,217.330686
73.217802,74,217.55976
83.69149,37,217.750726
57.368272,46,217.890445
62.037881,108,218.167602
9.154153,117,218.388735
45.586801,27,218.555972
89.977909,54,218.761729
87.803677,45,218.979115
35.254589,57,219.175353
68.48027,23,219.342505
37.236443,102,219.60342
13.725915,132,219.8729
40.782892,61,220.093002
22.613712,124,220.330036
12.279738,100,220.554216
49.952105,60,220.761545
39.737668,67,220.972965
35.065354,59,221.188592
64.363685,54,221.339634
24.951682,66,221.565648
54.286698,47,221.696163
17.755599,82,221.912879
-3.734123,47,222.076343
47.791224,95,226.640519
23.520845,177,226.950303
65.522161,60,227.153482
73.067139,25,227.269563
49.082723,59,227.463517
15.312007,59,227.653375
71.844679,62,227.945607
-12.028823,156,228.265182
34.591475,77,228.471008
12.185957,78,228.681997
6.997001,69,228.888715
19.868297,66,229.065216
63.353985,28,229.189302
65.035269,55,229.470484
58.711351,67,229.622355
51.41384,80,229.857577
46.339513,144,230.171335
28.769537,79,230.346756
66.904376,30,230.508618
51.409766,55,230.649287
57.187094,76,230.857556
45.731281,67,231.0129
45.663345,71,231.205767
30.351194,72,231.468459
26.478428,133,231.739308
10.957531,102,231.980119
43.505162,74,232.177741
41.433561,40,232.331135
31.63367,26,232.475708
53.07681,121,232.705106
34.798612,53,232.921139
63.202431,38,233.095028
34.525443,52,233.332217
50.749614,44,233.503295
67.639291,78,233.725624
33.289551,56,233.943002
39.698675,43,234.130879
29.753116,82,234.307768
54.008528,53,234.499514
40.320281,36,234.615028
28.365972,37,234.76139
28.340584,38,234.896138
43.352925,102,235.084419
23.444248,33,235.222991
21.017511,98,235.494381
30.86757,65,235.681302
50.314615,110,235.915687
53.259695,67,236.091861
15.190685,130,236.337809
40.758628,63,236.540227
-0.31816,154,236.874377
59.149157,62,237.080599
50.349524,47,237.283163
24.582049,39,237.414744
44.11112,49,237.58274
71.929995,27,237.722992
-5.01359,237,238.144738
64.944363,82,238.330364
-3.974452,173,238.662387
65.029231,84,238.871371
58.288086,41,239.040402
-11.996374,157,239.312281
28.14878,64,239.493136
34.927772,47,239.663328
38.86105,64,239.853315
69.157136,66,240.099852
41.30801,24,240.237516
33.939768,46,240.43102
24.119904,105,244.704884
-3.586473,67,244.878046
47.90006,93,245.101017
85.452572,38,245.250796
45.698864,130,245.513885
23.027191,73,245.861644
62.155115,68,246.103746
40.101426,61,246.317488
38.846821,78,246.550569
47.257105,85,246.798032
29.849115,100,247.059888
44.810284,102,247.304227
56.893515,44,247.447869
76.385107,142,247.725777
62.627735,49,247.89524
14.345924,128,248.19387
19.615441,53,248.37396
80.699762,40,248.537818
48.590611,78,248.732387
45.328576,56,248.915398
58.468832,33,249.081046
30.883449,76,249.29319
68.434023,29,249.436722
8.59067,72,249.615487
24.616694,39,249.796313
37.297174,88,250.002559
74.309069,29,250.156699
61.212063,30,250.303176
37.80242,25,250.444127
93.637249,20,250.578336
34.357201,63,250.763044
40.889975,93,250.975559
44.013581,55,251.179702
83.66589,31,251.342272
51.469764,101,251.605874
51.525208,70,251.812319
59.923311,39,251.982911
73.588706,54,252.172438
64.467085,45,252.328596
65.577823,77,252.55944
72.723492,85,252.786647
19.969244,133,253.059199
65.033429,58,253.263081
49.022754,76,253.505638
45.875999,63,253.69148
67.715999,29,253.808965
55.340811,159,254.086864
20.343142,130,254.35318
21.322304,201,254.690215
43.858127,54,254.885375
47.168522,110,255.174201
53.974508,47,255.387632
79.999994,71,255.59968
19.166033,95,255.82274
45.955009,66,255.986396
62.010497,89,256.203586
22.6103,43,256.372714
19.969591,63,256.578067
27.946359,68,256.755953
43.538464,77,256.988953
16.050445,54,257.131589
67.195566,71,257.348515
41.696888,50,257.955673
36.018232,92,258.182286
55.810125,46,258.380694
55.382108,55,258.570188
52.172071,70,258.76387
-13.716035,146,259.061275
41.37659,63,259.260931
18.880587,80,263.477187
28.665879,78,263.706806
54.082493,98,263.920196
5.515754,141,264.193915
30.101595,76,264.430641
55.010806,49,264.677393
45.700869,63,265.006476
62.096441,61,265.191344
42.522452,58,265.374664
47.198149,58,265.578643
67.605792,51,265.761395
38.390602,45,265.921284
17.05018,103,266.140608
33.090281,60,266.340949
63.369968,25,266.530222
46.897365,31,266.675654
46.499982,82,266.893811
40.686325,60,267.062187
25.692205,120,267.31813
88.793628,38,267.463341
31.75627,114,267.7693
62.889042,74,267.960312
71.494408,26,268.130774
58.123313,38,268.289529
36.154816,47,268.454797
18.337642,78,268.667876
49.357268,60,268.892662
35.569099,45,269.037505
31.833853,72,269.232593
39.200755,65,269.421515
52.149615,87,269.60832
86.721221,38,269.794264
76.505843,54,269.988513
-9.948185,224,270.341124
43.366275,45,270.481675
68.02787,69,270.680958
57.991488,64,270.848953
59.679858,59,271.043533
-14.629604,66,271.267871
64.624815,93,271.487671
57.256887,234,271.86824
72.473321,83,272.060368
50.075648,35,272.223621
25.145305,156,272.515862
71.963706,41,272.703987
79.73033,55,272.89514
45.685701,90,273.077666
-4.380517,94,273.283919
31.676416,65,273.473585
32.648999,48,273.622287
53.617278,71,273.852151
28.686369,64,274.048199
35.86613,59,274.250598
54.995395,86,274.513614
34.159233,44,274.640506
46.179548,35,274.808836
45.227814,149,275.096537
73.271245,62,275.273493
23.578261,72,275.521517
-1.773998,162,275.846312
79.209776,27,275.993803
51.939655,59,276.203844
54.024798,45,276.378231
46.457463,54,276.56662
71.846651,35,276.726765
9.974687,143,276.987947
64.741603,50,277.152814
36.866033,73,277.35129
30.046191,154,281.675854
44.171602,34,281.828568
42.536823,69,282.004326
41.931011,77,282.154955
18.054591,77,282.359921
52.286278,34,282.638335
38.735664,73,282.888585
82.149862,95,283.155614
55.598974,75,283.326408
36.834329,191,283.703853
88.489191,37,283.886547
51.794467,54,284.063457
60.251233,35,284.245569
35.948675,34,284.431226
-1.955185,60,284.618019
57.720308,52,284.775572
56.061858,89,285.008354
46.781442,66,285.196107
38.0189,40,285.363909
20.87327,89,285.566063
42.669473,82,285.806852
39.322887,90,286.03541
6.822373,204,286.427311
25.690862,58,286.793902
67.788826,32,287.0724
-75.01193,300,287.761222
70.285213,51,287.940701
66.716278,31,288.103201
48.604472,64,288.350319
72.092568,84,288.604579
79.874105,38,288.747259
40.06058,69,288.923516
64.049818,38,289.045254
43.823946,27,289.194869
43.677362,81,289.498086
40.086844,49,289.666088
38.937634,86,289.881693
38.281426,61,290.039119
69.932002,40,290.21893
20.097689,86,290.477187
44.52284,68,290.714024
2.764399,101,290.994707
22.406556,51,291.143517
28.146297,56,291.332218
29.291661,44,291.49222
62.529761,85,291.731892
71.336841,29,291.865312
84.563704,23,292.031178
39.902481,46,292.160565
73.832541,83,292.367517
89.217747,32,292.506721
81.75294,13,292.639255
20.918853,61,292.821014
12.066359,111,293.082062
38.883618,128,293.310704
72.743432,49,293.468328
61.770057,134,293.71277
30.242164,79,293.941887
82.470261,47,294.103222
26.94687,70,294.304484
32.789603,74,294.476036
67.173845,38,294.648734
9.211436,117,294.90499
43.571953,81,295.073565
40.991969,47,295.237462
76.919665,49,295.409038
76.712999,41,295.573258
71.107775,70,295.758322
27.021999,112,296.025532
7.482846,81,300.567196
66.684173,81,300.769119
15.501564,55,300.969765
65.888817,88,301.158764
88.896872,61,301.309577
64.005511,25,301.473067
76.689099,22,301.620035
84.939284,53,301.939573
46.614951,155,302.277454
53.116035,93,302.497476
88.853754,60,302.695864
66.199424,31,302.869094
38.01944,34,303.014237
91.227085,62,303.208415
29.720267,129,303.471833
32.945525,47,303.643501
22.040017,41,303.807762
66.211291,29,303.943815
64.278617,54,304.085037
48.705972,57,304.25904
33.111383,61,304.461995
65.273345,32,304.605034
16.257112,67,304.769507
1.513768,179,305.1197
7.654038,83,305.309673
25.656237,53,305.504577
53.046419,54,305.699692
83.997717,44,305.834446
17.429729,70,306.006264
31.353303,67,306.176857
27.704795,91,306.362785
27.150086,56,306.552597
71.682976,93,306.76563
43.11958,51,306.90843
44.254361,45,307.057063
52.032777,72,307.254315
0.461464,176,307.575055
54.07383,86,307.847995
-1.030351,229,308.250154
53.897228,49,308.401761
80.359918,15,308.524346
21.84298,75,308.818901
14.956214,59,308.995291
29.556516,37,309.150849
46.698359,81,309.382492
40.740839,27,309.509743
33.287516,127,309.771463
50.840835,109,310.033323
17.749712,47,310.259469
44.704107,59,310.468614
43.964448,69,310.67959
25.312103,114,310.922073
94.777841,51,311.094819
13.677737,106,311.366952
51.796901,31,311.515445
61.042589,23,311.667961
65.79448,40,311.82005
84.477677,18,311.950098
17.390535,146,312.252616
82.755147,31,312.426065
82.999424,58,312.610779
47.687599,45,312.766508
81.287355,26,312.916536
19.386037,135,313.20564
56.801505,82,313.450531
65.208489,56,313.60182
68.190296,39,313.762007
41.592521,86,313.974711
18.514544,68,314.14531
63.230526,74,314.351184
49.465208,70,314.562461
34.954705,68,314.7309
65.211165,86,314.97808
59.458535,24,319.131982
45.592608,83,319.383088
10.535768,104,319.633352
48.109664,136,319.919577
15.893931,63,320.200461
19.456486,54,320.446774
62.664342,68,320.627049
34.749408,102,320.871947
54.33253,69,321.083462
28.418804,265,321.520958
48.900027,53,321.704136
60.439733,57,321.876187
40.415136,31,322.038721
28.391049,54,322.213916
61.606456,54,322.397109
50.310092,32,322.524082
29.206397,71,322.709
36.444109,60,322.903856
67.873829,58,323.080819
19.193235,82,323.310699
52.311457,50,323.478744
44.959204,58,323.683041
56.787856,76,323.925152
58.587982,68,324.136192
71.514187,94,324.337965
36.639032,100,324.578446
25.046579,170,324.909591
59.129158,57,325.067963
44.144918,70,325.333426
24.662632,54,325.523401
19.265165,118,325.80899
54.404463,65,325.995918
15.871282,71,326.177655
60.713157,50,326.34685
55.900463,79,326.551852
74.473521,34,326.866904
52.606468,38,327.047989
67.998477,26,327.16163
25.175588,100,327.413435
82.354267,30,327.583591
68.830562,106,327.819782
50.849972,45,327.962371
60.820465,64,328.166209
39.30142,177,328.52503
12.93491,63,328.73976
22.988219,170,329.067812
19.992896,171,329.365073
26.014763,167,329.703642
69.700071,44,329.8634
51.594289,83,330.033843
70.253367,127,330.293715
43.93803,115,330.54631
36.642852,66,330.74799
14.58394,98,330.977212
40.275109,53,331.174135
31.323454,105,331.405301
52.467608,65,331.625614
20.873934,197,332.003942
71.881604,61,332.190667
62.824802,113,337.287351
28.587838,48,337.469288
88.82482,32,337.611677
75.391031,97,337.890812
18.331961,92,338.107105
62.708655,72,338.288026
54.007089,27,338.562178
31.689217,23,338.696183
54.050095,79,338.895046
69.159605,68,339.071215
58.89401,17,339.21242
48.972421,53,339.377174
66.143667,127,339.676696
32.130071,43,339.839114
61.260606,47,339.966388
28.405353,131,340.263592
33.351995,86,340.560887
77.598627,72,340.857551
8.131423,75,341.038258
60.561261,79,341.255634
42.456035,101,341.47191
39.611201,60,341.660581
-5.026177,55,341.887427
54.214527,38,342.042701
88.479689,48,342.204984
54.069991,28,342.37888
31.482703,83,342.597519
67.071447,66,342.832547
57.72193,49,343.136374
49.800906,46,343.277937
70.022387,40,343.482561
34.08001,46,343.666185
32.504901,62,343.902321
75.375948,59,344.198099
63.43056,50,344.392697
30.36911,98,344.598029
43.414529,72,344.763234
69.683327,39,344.916026
26.011302,127,345.202077
62.935832,55,345.362894
33.249225,134,345.678649
48.141142,50,345.849293
57.713791,33,345.995582
58.612741,80,346.23624
38.11194,78,346.496486
64.441502,67,346.701054
56.984006,85,346.883611
39.896442,34,347.039256
35.258098,126,347.345684
27.971433,48,347.531119
95.902693,48,347.69664
47.710418,49,347.883491
35.268704,62,348.045845
71.334487,49,348.203848
76.673407,40,348.373354
42.080378,120,348.686304
50.718384,113,348.951201
37.357615,197,349.348406
53.078284,110,349.686524
16.109388,68,349.919934
54.131396,43,350.137859
75.722696,44,350.309628
69.310976,137,350.614163
70.28675,38,350.767769
39.714883,61,350.969498
48.864494,99,351.189097
65.397531,75,351.366231
46.346182,67,351.546736
60.36575,38,351.712225
60.238111,133,351.974966
47.597306,122,352.255982
65.733113,98,356.499855
3.207297,201,356.855524
54.897393,66,357.024297
44.271851,27,357.160441
75.3401,91,357.402404
56.585876,90,357.773408
63.963259,49,357.922081
68.331738,45,358.185947
56.758437,37,358.322811
69.828667,34,358.439663
83.038251,57,358.608293
63.594309,86,358.850321
18.879047,83,359.023874
78.29654,60,359.209101
-20.116699,246,359.847327
19.972121,119,360.102137
32.993016,60,360.266756
66.699653,64,360.446759
41.688217,126,360.717153
66.265898,37,360.880692
58.859412,62,361.04204
86.944251,42,361.209924
75.300097,85,361.426992
43.619033,75,361.630805
51.29324,78,361.863516
41.549558,62,362.070867
57.805902,51,362.227338
86.901366,52,362.468343
51.257563,45,362.642053
57.591012,103,362.922261
40.945545,39,363.086739
30.98104,53,363.2584
29.308859,102,363.577858
32.578572,50,363.783922
63.981731,31,363.973438
36.979137,90,364.181091
13.64131,103,364.429931
58.288825,68,364.639352
37.660585,75,364.809537
56.811088,53,364.99443
53.785397,29,365.142145
61.699077,75,365.32561
55.926452,40,365.458258
-2.291803,238,365.859972
27.781012,65,366.063517
47.044583,106,366.298386
60.641455,53,366.458358
22.947504,163,366.824633
5.766531,189,367.158755
21.649045,58,367.329072
45.33736,45,367.522591
14.127167,119,367.797204
46.368683,85,367.985632
18.54024,222,368.415828
38.832981,95,368.662229
77.608058,27,368.777829
49.622432,40,368.921856
63.069752,89,369.116996
32.308447,87,369.353246
47.501378,79,369.586357
74.329544,17,369.699685
32.472085,113,369.994489
45.775281,57,374.348111
37.581107,68,374.5378
66.461026,53,374.728945
54.922598,72,374.935539
17.4903,122,375.20507
26.631471,67,375.518253
26.599016,145,375.814923
63.349575,55,375.995282
57.981747,170,376.331816
65.114703,83,376.537637
67.452116,88,376.812599
38.408875,127,377.114276
20.495078,135,377.420212
94.527836,29,377.539138
100.044856,43,377.684432
77.969483,78,377.935194
54.663652,32,378.048001
35.862331,127,378.289923
88.156578,40,378.452221
50.88362,37,378.584761
54.482995,91,378.813218
29.293769,132,379.125235
44.672101,120,379.387259
23.965846,184,379.75026
69.365019,40,379.923559
62.021053,108,380.171377
42.234113,108,380.438445
35.484032,115,380.665857
38.515445,63,380.854171
60.262761,72,381.067102
35.569479,107,381.28997
67.386497,54,381.445393
23.650462,57,381.608975
81.348302,53,381.778758
12.610507,115,382.068993
58.685505,52,382.235831
50.757529,59,382.400762
24.659952,99,382.683839
44.359126,58,382.878129
63.342724,64,383.064642
64.071113,66,383.252465
86.945217,66,383.440559
65.703991,53,383.668786
11.246744,39,383.863609
19.919433,95,384.143708
90.130474,63,384.371562
66.239371,44,384.538288
93.860374,104,384.778713
37.184557,105,385.03535
57.144399,56,385.241205
31.884115,76,385.408757
16.419516,174,385.730754
38.217142,75,385.89865
81.356796,47,386.086737
55.604269,97,386.367341
42.75319,55,386.536726
56.276772,78,386.728273
42.801473,153,387.053195
41.580904,74,387.236833
92.477411,55,387.396888
80.885361,55,387.585436
60.276324,41,391.793775
87.223064,23,391.930341
44.138002,110,392.178263
77.811093,96,392.403912
59.379669,41,392.539437
43.597888,59,392.701447
64.714416,152,393.137936
58.283348,61,393.331337
51.814283,53,393.52557
40.505665,72,393.732313
74.647454,53,393.954333
50.632187,122,394.201364
10.955762,155,394.538476
89.84652,96,394.777239
66.460537,85,394.987928
61.406071,69,395.211662
42.931632,89,395.452404
35.030374,31,395.5828
50.508055,193,395.960882
30.612456,170,396.284583
60.752957,45,396.463763
29.851752,58,396.609263
45.454151,77,396.771153
63.829634,61,396.973348
46.02775,24,397.137814
55.29414,89,397.355345
72.784676,60,397.514906
45.868408,131,397.784844
62.901555,71,397.982621
42.878668,136,398.238294
45.064288,131,398.540174
57.520456,91,398.811241
56.65035,95,399.037954
88.620368,138,399.349051
74.165251,80,399.580799
74.751981,28,399.729072
59.833025,79,399.922725
46.983786,20,400.08112
33.34592,56,400.256136
68.99548,70,400.419992
40.202332,155,400.733258
59.382999,141,401.022055
31.017025,118,401.257589
48.570561,77,401.453584
42.915597,37,401.610903
43.242465,71,401.78409
29.376947,172,402.084542
15.85608,134,402.351343
91.338189,101,402.592433
45.736723,94,402.806448
43.063419,61,402.981116
49.093845,126,403.254332
77.137214,36,403.397888
3.911415,33,403.555731
69.530564,64,403.735029
56.430169,103,403.995834
43.292646,182,408.456545
58.840132,96,408.680735
58.248374,39,408.875761
17.808844,188,409.207902
81.656087,32,409.408077
37.175395,101,409.825671
67.794788,49,409.983008
38.095871,65,410.15915
88.642017,53,410.355949
55.905119,70,410.550437
23.501446,67,410.754102
69.162927,76,410.974084
46.169384,74,411.208685
59.495316,143,411.495348
63.85598,23,411.638852
9.537079,92,411.885445
41.073514,54,412.064588
97.18443,57,412.227419
19.892027,130,412.523017
57.751994,99,412.745871
40.197841,95,412.978718
74.925128,102,413.215382
36.47488,50,413.404039
58.238438,55,413.560602
13.514876,214,413.965657
64.942882,106,414.1982
44.050136,100,414.453395
38.52265,110,414.687806
52.881512,57,414.899774
5.860867,204,415.321794
36.826357,49,415.544529
16.164356,111,415.790983
54.438477,44,415.930599
54.460374,143,416.201122
43.832518,64,416.465461
50.311085,122,416.757135
67.367236,95,416.973754
20.798916,82,417.246137
47.606503,54,417.446506
-3.529315,181,417.82649
53.229921,118,418.085211
57.326422,57,418.231793
-3.972476,247,418.664335
90.921699,22,418.819874
56.155835,139,419.125654
61.096004,52,419.377743
45.910519,44,419.54538
55.307406,95,419.828032
77.891827,32,419.965013
49.180272,122,420.220966
22.062213,44,420.381369
25.466748,183,420.769044
42.00831,101,421.019937
8.172488,156,421.34553
48.183134,62,425.800651
66.679537,83,426.023621
62.262732,41,426.217817
-0.347428,287,426.704593
68.825119,66,427.032817
53.602503,41,427.218597
43.440355,129,427.509346
80.504759,81,427.704782
70.795587,29,427.85385
74.797653,68,428.033886
42.043992,82,428.242869
71.990312,89,428.498949
36.830753,97,428.733183
72.300345,31,428.911807
21.911892,115,429.206921
15.481165,155,429.527007
39.471444,96,429.759315
41.670897,113,430.045433
42.495992,35,430.177502
26.49766,81,430.365295
34.018847,89,430.642018
77.757507,59,430.840114
55.964353,88,431.084984
43.817831,137,431.391412
24.036835,111,431.693718
47.272665,143,432.018576
82.956925,130,432.310798
15.513696,109,432.563709
42.210427,51,432.717046
71.837194,28,432.850624
60.476156,39,433.024345
44.9647,96,433.238157
33.861288,115,433.478446
37.16138,99,433.74292
74.183742,44,433.899031
36.906885,147,434.227539
33.168882,110,434.572344
32.386332,83,434.903499
52.884548,67,435.112656
30.240964,81,435.337312
67.675142,144,435.616185
90.311583,60,435.8249
84.811685,72,436.071496
57.371661,74,436.312472
50.505508,80,436.576104
42.838113,199,436.932457
17.8559,231,437.39541
39.406691,64,437.588332
40.635589,80,437.779942
66.056681,44,437.958641
53.837221,107,438.197921
28.701897,74,438.418354
81.220846,102,438.683429
48.110388,75,438.935595
49.793039,172,443.182487
27.34849,227,443.593091
51.577556,35,443.724741
63.280135,105,444.008649
37.589101,60,444.308744
81.916872,57,444.478998
53.594153,83,444.671796
51.660859,103,444.939061
42.413858,43,445.076666
74.727727,11,445.221887
55.145681,99,445.456618
72.549969,55,445.606609
57.429602,21,445.730076
45.973211,205,446.075151
33.487257,81,446.294837
49.945431,122,446.558836
16.651057,129,446.833447
42.611842,159,447.123784
70.280765,35,447.286643
66.489993,58,447.501614
56.178417,54,447.685606
38.815807,93,447.937977
17.576946,80,448.202963
48.908861,113,448.438397
17.66862,97,448.720873
50.351207,68,448.939658
-2.006947,279,449.401452
63.008714,85,449.614209
55.406119,29,449.740473
18.722533,237,450.1897
58.052471,94,450.441829
38.278763,116,450.725757
30.742606,105,450.970349
55.628712,61,451.17077
78.251507,54,451.393213
61.082069,95,451.640336
33.71601,47,451.797163
87.393301,20,451.91567
65.267446,20,452.065836
40.030059,121,452.370033
-12.014013,150,452.678431
60.335253,76,452.876833
-5.34883,229,453.253484
45.749822,71,453.459395
51.444741,66,453.639858
58.145074,72,453.845451
38.171838,178,454.214305
73.354051,42,454.362477
14.208351,116,454.630381
58.232215,108,454.933076
36.267815,77,455.145948
68.325755,91,455.379258
-32.036272,300,460.006432
32.618749,58,460.204963
58.17879,166,460.604843
60.575911,125,461.106361
18.598205,129,461.406659
70.366848,116,461.651944
49.02541,114,461.930423
9.372024,150,462.240137
86.396738,67,462.40098
31.569012,112,462.628288
40.086725,93,462.840511
62.309108,134,463.162609
75.795866,67,463.367644
22.184217,82,463.607848
37.807894,46,463.767631
43.328679,58,463.931694
44.906668,89,464.135144
72.771672,114,464.401594
13.147452,89,464.605547
82.522002,51,464.808125
71.353637,155,465.177921
60.146761,36,465.371721
44.933349,45,465.547848
60.776289,127,465.833344
34.991101,40,465.982243
50.103097,117,466.269271
24.463763,89,466.49249
73.904185,55,466.71803
80.583666,58,466.922573
42.699334,108,467.19477
71.929358,70,467.402077
43.755867,170,467.780474
20.924109,206,468.169898
35.726615,135,468.445546
42.819766,98,468.665072
49.028657,102,468.8967
68.095366,50,469.089454
16.172497,158,469.487972
29.512004,74,469.70755
66.447148,144,469.986969
89.442053,46,470.160137
37.153477,52,470.356349
64.227571,93,470.534446
57.601854,120,470.81545
55.37231,58,470.989688
61.495871,143,471.26028
60.646598,62,471.470956
28.092045,84,471.661937
68.712678,61,471.893938
51.58446,34,472.041188
37.339417,105,476.467056
-61.886614,300,476.953218
62.38691,73,477.192998
68.402502,96,477.42184
72.561471,81,477.761023
29.865567,173,478.124773
67.117921,78,478.357434
55.665947,122,478.620154
56.785202,57,478.774223
45.38366,76,479.006035
54.970501,90,479.223778
57.0936,89,479.48319
52.647034,92,479.743143
78.963409,34,479.903693
65.354303,134,480.169984
56.360954,48,480.335492
50.504358,173,480.671916
82.26812,104,480.900374
85.140847,66,481.133023
49.685896,25,481.252463
80.516897,116,481.568132
50.866898,35,481.709106
44.075673,37,481.860353
45.271974,92,482.097598
57.306138,38,482.269217
56.182981,56,482.4852
85.413826,84,482.703403
75.12588,61,482.877275
76.60102,135,483.179292
4.883814,154,483.50836
44.875129,54,483.698081
-88.4,300,484.120604
-29.945586,300,484.559466
69.240375,139,484.842974
57.576595,84,485.059967
76.550872,77,485.266722
88.366893,37,485.417032
43.18631,133,485.688103
28.114385,39,485.823374
62.57609,122,486.065994
35.194981,168,486.408831
52.664603,68,486.624219
87.433999,104,486.891349
32.984418,166,487.20138
81.910988,54,487.381472
73.034586,45,487.564792
55.945877,155,487.964723
69.92443,87,488.18471
80.762232,83,488.468889
71.556047,83,492.931871
65.273356,31,493.063147
49.25093,75,493.230771
78.085296,126,493.564707
72.86831,78,493.786117
80.013208,36,494.089163
49.634271,83,494.295355
52.009889,126,494.56681
50.034662,55,494.704455
32.620998,71,494.872531
31.095844,116,495.194209
57.001993,57,495.372319
57.38311,62,495.572465
63.680713,79,495.748625
-2.201551,223,496.178161
5.123404,169,496.507645
68.526009,114,496.793172
104.167617,88,497.058663
47.00854,135,497.374406
24.084615,109,497.639557
79.872452,64,497.826525
24.99516,96,498.045105
42.516691,45,498.191439
57.462985,135,498.515039
73.48123,66,498.714622
51.727105,67,498.87915
8.118245,183,499.238441
69.761709,27,499.513933
48.083591,54,499.863953
75.546919,131,500.405666
15.317323,117,500.89813
55.082571,267,501.544525
68.821908,61,501.732174
-13.125052,113,502.026484
41.989259,104,502.280344
67.129451,70,502.46962
41.223503,202,502.797822
50.095864,49,503.015278
68.153489,44,503.190478
66.011756,32,503.320878
44.60841,59,503.496234
59.809819,60,503.68216
49.754218,158,504.011062
37.814471,95,504.269072
33.254492,93,504.531755
32.165893,135,504.862122
47.435087,73,505.091271
78.63782,149,505.394406
66.127571,130,505.683524
59.99061,62,505.87445
70.13256,23,505.998738
24.602251,115,506.289424
42.643952,128,510.956146
51.541343,140,511.228061
24.523409,103,511.469965
56.239606,61,511.694372
55.223978,73,512.085892
-1.613748,152,512.422429
66.342467,66,512.646429
-18.020767,228,513.095069
77.652837,127,513.417311
47.900814,59,513.600309
49.84223,191,513.986331
75.697731,58,514.204312
55.886815,161,514.539217
82.214025,69,514.769717
67.794032,123,515.035958
-14.115048,152,515.375766
62.896389,126,515.676716
78.621921,232,516.128322
38.71737,215,516.508469
54.011966,38,516.712704
23.920165,157,517.065279
36.535411,63,517.262668
-32.40363,192,517.643776
56.771251,132,517.932789
90.224234,96,518.197306
93.662499,22,518.329884
31.190686,158,518.662414
30.476754,171,518.978365
19.546475,72,519.193233
85.443109,41,519.352387
70.968568,95,519.568976
29.497888,127,519.844214
73.480407,70,520.053656
41.770701,222,520.48248
-16.612038,72,520.696935
20.800516,102,520.980315
15.985914,281,521.455332
60.40474,82,521.639246
86.677375,18,521.812895
67.099248,82,522.012302
50.821851,291,527.027833
44.719589,159,527.325282
15.224404,204,527.710303
27.124115,245,528.260432
83.280408,28,528.449483
27.381425,125,528.728375
43.962635,140,529.007636
32.027742,240,529.569893
56.418868,182,529.960581
58.807999,64,530.155587
23.252152,93,530.414638
42.098588,261,530.848358
-5.355699,300,531.340837
97.97976,17,531.520197
-7.305192,214,531.937729
59.377311,76,532.157824
82.339986,47,532.308902
59.903858,87,532.526197
60.841978,58,532.72931
61.928495,52,532.934528
3.846683,183,533.327003
47.512352,258,533.795202
52.330743,24,533.950939
72.932904,21,534.10161
81.501387,11,534.20636
18.578383,249,534.713441
90.022838,41,534.855509
21.596008,164,535.160839
15.694853,147,535.443236
87.906802,53,535.650007
71.237121,29,535.786168
56.852341,92,536.038581
21.584496,58,536.23842
49.331845,85,536.496815
84.864982,89,536.742531
-19.670551,300,537.236178
26.552998,70,537.420772
14.363775,120,537.701344
38.650375,109,537.934996
69.148613,95,538.137875
47.798338,97,538.357417
97.373728,69,538.569865
38.205456,77,542.812689
4.294435,278,543.266317
30.622157,79,543.465904
83.849664,115,543.880968
38.462803,128,544.405395
68.321399,84,544.801605
46.888209,108,545.210008
32.110207,183,545.808219
25.678014,247,546.263142
38.187023,143,546.554614
68.136004,70,546.724678
55.619048,123,547.039221
69.627527,25,547.159848
64.687406,50,547.357936
42.863172,146,547.664258
36.209321,202,548.064324
95.61107,157,548.391066
42.403941,167,548.732829
79.655822,33,548.885578
-54.099359,300,549.394834
44.800409,268,549.908139
82.377089,23,550.03345
31.690539,167,550.397553
28.070167,293,550.895727
26.435212,143,551.239779
46.762757,69,551.429539
38.788631,75,551.652036
68.702133,88,551.854096
38.681199,64,552.05245
68.470419,110,552.285418
5.240088,222,552.666443
87.712849,36,552.807075
80.722932,88,553.067397
63.842786,173,553.42517
54.50805,139,553.749925
60.4984,109,554.016196
75.882451,87,554.235978
6.382569,224,558.723912
-51.446825,300,559.178067
-28.974769,300,559.669982
61.641905,163,560.124551
65.883933,152,560.450773
-57.681333,300,560.917789
64.382728,149,561.222106
14.562722,254,561.718786
42.228607,225,562.164093
59.857496,134,562.474956
-49.674695,300,562.945793
-31.295969,300,563.496325
41.217761,189,563.889421
32.62625,162,564.223805
39.818917,103,564.433249
45.087574,130,564.707092
48.423482,60,564.888427
41.943255,140,565.215242
57.37341,224,565.61166
56.725392,277,566.06822
66.741833,87,566.281545
53.484299,76,566.512926
-44.711964,300,566.988092
73.345118,162,567.378162
19.089667,278,567.853324
69.941802,22,567.984886
74.19737,249,572.50156
67.248578,170,572.874698
46.827584,198,573.276895
62.794967,67,573.602299
-25.352078,300,574.180745
-24.19214,300,574.703434
50.434583,131,574.986076
83.584909,39,575.161644
60.370471,56,575.387653
76.416853,151,575.73951
52.249513,163,576.047725
85.107041,40,576.189404
80.129412,171,576.535885
32.437956,132,576.86212
50.546195,202,577.209989
43.35635,49,577.413575
47.634111,248,577.869875
-28.231782,300,578.413561
44.208896,234,578.907453
65.578005,109,579.208844
-11.852364,162,579.527918
24.684432,81,579.767662
69.499183,27,579.893283
47.465295,118,580.175394
-19.220449,300,580.639126
49.544735,119,580.877542
50.074952,183,581.219082
-51.213885,300,581.708317
78.862674,196,582.061788
65.509829,98,582.289469
67.914155,155,582.610431
14.713668,282,587.207043
91.33189,84,587.446939
57.779511,143,587.789137
19.14716,199,588.288411
61.727982,262,588.765348
66.352041,239,589.232262
38.723757,64,589.499922
4.151386,258,589.988737
82.449549,28,590.188374
82.097068,29,590.33212
62.137128,134,590.624935
32.270374,61,590.80019
68.199419,243,591.2483
25.07492,160,591.576987
39.048726,289,592.119843
-54.560216,300,592.595581
35.405286,154,592.91191
4.123565,300,593.410554
35.026496,98,593.666713
61.81676,210,594.101889
21.862919,300,594.600896
56.899647,184,594.980986
67.197376,184,595.345561
-4.515917,177,595.737717
67.167743,69,595.966004
69.075309,16,596.104474
8.898497,232,596.576815
-11.154171,300,597.073916
10.469325,300,601.50531
-21.824856,300,601.999925
-22.762666,300,602.664154
-4.19615,300,603.219144
54.854659,166,603.601402
-27.843555,300,604.068799
-12.600927,300,604.573175
75.954963,53,604.793419
58.202296,174,605.204071
-16.299448,300,605.708501
72.120261,61,605.880715
-7.69683,300,606.385503
95.739987,54,606.614221
-3.940579,300,607.126505
31.197491,254,607.572983
-9.051467,300,608.092165
58.067038,298,608.611236
-24.564933,300,609.104435
72.553956,253,609.573315
-61.0,300,610.001862
86.018114,276,614.473045
63.902488,70,614.676867
13.380505,300,615.247397
77.182115,181,615.766334
59.482978,291,616.36927
47.492725,62,616.569591
80.416065,116,616.856052
62.819489,188,617.243118
64.570677,118,617.52304
87.453244,110,617.810347
-11.818415,300,618.318225
40.418322,81,618.554359
-6.158543,300,619.069297
82.951011,167,619.428013
-42.34517,300,619.903553
54.509524,187,620.293451
53.209448,115,620.539114
27.006071,300,621.084035
-60.2,300,621.569945
47.542403,199,621.947701
-63.4,300,622.41081
-2.514737,300,622.917143
-58.5,300,623.416605
-26.361684,300,623.935324
85.051706,33,628.349579
-41.462722,300,628.831738
95.719654,23,628.989569
23.225992,300,629.633771
2.407193,300,630.165686
76.018348,55,630.33078
-22.899035,300,630.837206
-40.099513,300,631.325205
-27.280007,300,631.860242
85.027221,97,632.114892
41.320894,105,632.381773
70.269103,98,632.632057
-0.860401,300,633.125593
67.60533,108,633.404934
-45.134332,300,633.864145
41.436879,300,634.410737
-2.914191,300,634.908587
87.828118,135,635.250423
70.249423,194,635.684382
80.583177,299,636.22176
-9.809649,300,636.749875
66.667271,205,637.145166
20.341516,300,637.677693
-26.219723,300,642.495634
16.767558,300,642.995214
85.688525,69,643.229431
-40.202422,300,643.832879
35.441861,300,644.373877
-36.825413,300,644.870489
-42.593642,300,645.348651
-60.2,300,645.783506
63.438748,180,646.192834
10.216778,300,646.971766
-55.943555,300,647.762879
-56.517655,300,648.420518
10.377661,300,649.241114
71.378902,159,649.856933
-11.803776,300,650.625174
-42.79085,300,651.22527
-48.61616,300,651.695406
53.012203,194,652.068412
-50.846841,300,656.695419
-60.2,300,657.230356
-44.737375,300,657.702978
97.419801,148,658.166191
-10.016905,300,658.674979
-12.182341,300,659.194039
10.269609,300,659.720285
74.403718,120,659.995216
-32.177817,300,660.519423
-57.6,300,660.957808
-58.5,300,661.460031
37.548055,300,661.995541
66.900298,246,662.484028
82.160868,65,662.714117
3.371187,300,663.187396
-60.2,300,663.643555
56.09683,245,664.093691
-61.4,300,664.538226
38.776611,300,665.067369
46.996248,170,665.417938
6.512066,300,669.821244
-26.446385,300,670.354559
-19.495252,300,670.943522
21.154108,300,671.472934
35.428204,173,671.839757
-43.419339,300,672.368591
-65.1,300,672.833017
49.045642,155,673.192461
79.172387,273,673.736831
-44.412121,300,674.251611
61.770438,144,674.565741
-51.767566,206,674.959897
-14.019744,300,675.463585
9.494962,300,675.956102
26.046122,260,676.44692
81.623749,46,676.632718
68.147361,226,677.047403
-41.864914,300,677.506691
68.341539,271,677.95538
53.703207,155,678.263987
-0.724527,300,682.925426
53.847621,115,683.189991
8.590589,300,683.69809
-13.58921,300,684.440464
-38.244043,300,684.92643
48.785698,284,685.406042
-47.413373,300,685.915909
-39.078583,300,686.377004
-66.7,300,686.817973
-64.8,300,687.308145
-23.651118,300,687.844445
82.911901,270,688.292524
72.093948,271,688.784321
-57.9,300,689.285077
20.65108,300,689.805553
-82.162566,300,690.277569
-62.5,300,690.726259
-3.526943,300,691.219828
-50.848664,119,695.689583
-9.115193,300,696.177531
-21.694148,300,696.849617
-50.540858,300,697.350059
66.847644,55,697.521253
-58.5,300,697.954383
83.370224,154,698.320619
-16.875845,300,698.799395
72.821924,74,699.011993
-98.057816,300,699.521932
-49.639525,300,700.032242
75.216825,88,700.322802
53.541693,106,700.575247
-41.178338,300,701.043954
85.023954,237,701.48428
-37.357415,300,701.954473
30.312495,206,702.338364
0.378153,300,702.848269
-42.788824,300,703.317839
-26.268838,300,703.816955
-71.7,300,704.317963
19.385186,300,709.975344
-20.107648,300,710.500055
-37.53872,300,711.183462
56.681644,86,711.431498
-19.451083,300,711.932678
51.523889,241,712.415717
75.299026,102,712.660965
82.786016,125,712.93441
18.624293,148,713.262661
45.944168,157,713.60112
0.702871,300,714.111741
-32.353795,300,714.596644
-19.263715,300,715.127126
74.07719,181,715.565931
65.523472,123,715.865609
-44.575246,300,716.391355
-61.401502,300,716.955614
-25.2,300,717.424521
-31.228728,300,717.949929
20.492564,142,718.278424
-12.86812,300,718.800728
17.049453,300,723.396423
-58.1,300,723.874325
-7.732323,300,724.514867
-61.9,300,725.02968
60.048635,268,725.597965
70.645222,297,726.190405
26.464216,300,726.72518
69.876682,211,727.155458
4.08988,300,727.662449
-44.065593,300,728.145438
50.016307,272,728.898548
-65.1,300,729.648928
30.130635,14,729.83212
-58.6,300,730.316927
55.23692,268,730.803949
34.492514,300,731.366221
47.975584,139,731.670841
53.639067,79,731.899618
81.368398,194,732.311107
1.446424,300,732.890165
40.050996,109,733.204251
-61.4,300,737.967546
37.050207,277,738.433158
78.972072,156,738.893355
50.795081,209,739.339275
74.376179,103,739.614238
68.032532,75,739.810413
-96.063427,221,740.287489
-27.108106,300,740.808305
60.823776,20,740.92451
8.964827,300,741.441898
23.388816,300,742.022562
-43.252195,300,742.521855
-63.3,300,742.981411
62.074075,112,743.240073
29.037644,224,743.680972
74.595086,52,743.838421
59.613046,131,744.114722
-3.779781,300,744.657629
77.464045,65,744.838108
86.567356,148,745.153747
48.379056,108,745.44543
-47.486159,169,745.751974
31.064106,283,746.296257
49.371638,159,746.612628
-62.5,300,747.131326
46.866663,213,751.822733
-41.591272,300,752.257101
-15.943381,176,752.589522
85.748319,91,752.949584
-5.756748,300,753.602081
81.443616,45,753.756012
71.039222,167,754.10655
-66.573245,235,754.624754
72.346508,265,755.101806
69.85478,91,755.362961
-63.7,300,755.90579
82.671478,135,756.281072
-24.09484,300,756.821903
-20.63489,300,757.286846
67.229276,191,757.671344
-8.960343,300,758.199688
41.46903,237,758.647507
74.640401,51,758.832867
19.994133,300,759.318013
64.601188,57,759.528605
9.352197,300,760.044775
24.591876,216,760.448904
-71.9,300,760.902337
-41.790398,300,765.401198
-1.171392,300,765.901226
-62.2,300,766.353098
1.661243,300,767.00572
69.716791,273,767.464783
-33.954359,300,767.975433
-28.131227,300,768.473973
-62.5,300,768.945743
-11.921996,300,769.532607
-26.396528,300,770.019057
77.306545,283,770.556142
91.185209,70,770.752067
52.671104,14,770.889175
31.813221,300,771.426557
74.172774,195,771.855564
28.616938,276,772.397998
7.119774,300,772.859864
-33.021931,300,773.371298
68.797011,292,773.878578
-11.46647,300,778.402845
-60.8,300,778.85593
66.896477,29,779.040665
-148.520684,300,779.700474
-54.82114,300,780.221382
9.995181,300,780.687558
-50.895757,123,780.938239
74.794534,153,781.310896
34.319361,158,781.657308
87.659323,141,781.934536
60.5632,149,782.264764
8.510965,300,782.757002
-19.779238,300,783.253323
38.053845,300,783.787235
71.820788,178,784.17614
40.030163,94,784.433154
-62.1,300,784.889545
66.216791,266,785.422163
64.919188,209,785.848305
-25.414624,300,786.371697
23.112407,300,786.86406
39.989519,242,787.324326
67.917119,31,787.480483
-18.463889,300,792.142404
-58.2,300,792.61047
102.558057,162,792.946245
19.072381,300,793.581187
91.361778,86,793.801796
58.291638,72,793.956424
-57.9,300,794.435822
61.547787,115,794.755353
13.46045,300,795.28345
38.350974,235,795.745153
4.400579,288,796.264972
-38.22134,300,796.733627
68.44714,67,796.910468
43.173837,111,797.15389
71.203135,109,797.389523
8.769087,159,797.746081
69.203682,230,798.191098
-57.9,300,798.64968
68.955433,270,799.15837
-31.273309,300,799.638789
-40.466835,300,800.165967
93.99039,45,800.349459
-2.502058,300,800.863652
71.627457,204,801.256538
4.698823,300,805.943658
56.631327,34,806.088344
68.874919,154,806.413834
-23.143299,300,807.042148
50.812627,196,807.423091
72.575332,122,807.768591
55.725207,137,808.097502
-25.583984,300,808.583795
72.884337,37,808.705467
-92.8,300,809.178869
-59.1,300,809.629667
77.279279,226,810.072853
65.138079,34,810.242179
64.373468,204,810.632453
-19.245223,300,811.136099
-0.788937,145,811.441572
91.372367,98,811.728026
72.597879,105,812.009226
38.546354,300,812.534169
58.78795,232,812.998928
60.414838,99,813.250621
59.566234,28,813.422376
80.9302,260,813.900733
86.535026,69,814.126462
-56.081442,300,814.564735
-40.61182,300,815.053285
-6.29747,300,820.107284
-28.185714,300,820.601539
-25.752561,300,821.225659
73.406465,255,821.703687
12.483678,300,822.227926
-27.874961,300,822.707045
-5.675452,300,823.216367
-58.6,300,823.682701
99.549634,220,824.087916
1.66114,300,824.609569
68.361897,42,824.767821
-41.606207,300,825.260981
-17.586773,300,825.762924
84.627338,264,826.24948
67.434499,140,826.559705
51.897188,285,827.097258
-69.1,300,827.530806
66.959501,34,827.684264
-45.138938,300,828.196343
73.677093,107,828.506542
44.81879,172,828.830119
71.299369,197,833.441007
-1.039591,300,833.959011
5.453637,300,834.71506
69.132897,179,835.096786
-49.209156,300,835.555086
-6.157808,300,836.044228
-52.547861,300,836.545968
89.995527,257,837.032395
37.616348,46,837.224468
46.378596,206,837.617852
34.905733,226,838.09095
66.701862,227,838.580064
-51.609963,300,839.068271
74.361412,271,839.571188
3.393593,300,840.111102
16.361667,300,840.626749
35.608494,291,841.156973
86.984815,102,841.450214
1.473591,300,841.919674
75.426662,248,842.389547
12.961271,300,846.984684
35.162977,300,847.5173
-54.197025,300,848.125326
-36.237932,300,848.629881
44.239591,178,848.998251
53.949131,205,849.398524
-39.749316,300,849.888119
36.91787,199,850.300243
84.487889,200,850.675486
79.828175,124,850.999252
76.582363,122,851.394499
-38.229935,300,851.891103
45.054138,68,852.134915
0.688208,300,852.665537
38.281318,131,852.963259
24.596224,300,853.490098
51.350399,147,853.794358
59.718753,137,854.102771
77.903703,283,854.644285
-7.227316,300,855.160572
86.326807,257,855.623997
-9.931815,300,856.122943
28.147698,224,861.184354
81.096605,259,861.727225
-3.440247,300,862.385188
56.815594,64,862.604015
55.164345,182,862.96963
27.563075,198,863.404836
-15.814146,300,863.908805
73.684469,136,864.236421
51.955805,138,864.546155
70.170702,155,864.896892
96.814589,242,865.436292
0.147002,300,865.97952
74.403745,174,866.334501
65.12479,250,866.803023
59.893362,216,867.167048
71.673423,291,867.717144
77.626332,160,868.034721
55.438392,196,868.395623
37.093597,300,868.971036
-21.31667,300,869.47229
57.831483,211,869.884104
10.530863,300,870.478764
63.698143,243,875.27275
82.626412,232,875.693976
-27.543939,300,876.539665
86.440462,55,876.741523
56.176135,162,877.08754
20.799247,300,877.630507
43.538839,53,877.818259
54.562944,130,878.127308
-24.875511,300,878.656979
10.089538,300,879.192152
59.417721,243,879.949158
-53.164209,300,880.671101
80.161071,92,880.906638
45.239367,200,881.301553
56.238206,285,881.875241
-134.131361,300,882.420385
61.015042,257,882.949726
21.486617,151,883.269066
-46.465821,300,883.742822
-7.651394,300,884.266229
-37.505224,300,884.781628
23.564738,258,885.259786
72.524481,66,885.477115
72.829418,24,890.353276
-13.985095,300,890.924445
-1.108574,300,891.627683
-28.062675,300,892.163502
54.143584,210,892.616319
73.209992,191,893.023075
23.434114,300,893.51016
-5.978844,300,894.012154
55.151416,93,894.299765
82.70293,147,894.651698
56.090434,211,895.05072
-51.441288,300,895.521689
59.727141,190,895.910258
45.37148,248,896.414809
68.99759,287,896.945837
65.650278,158,897.284286
-61.4,300,897.751692
73.871464,246,898.19253
84.046763,157,898.539293
-30.227712,300,899.047496
-11.70886,300,899.596408
49.954575,290,904.449162
101.740887,239,904.953105
-29.197452,300,905.556922
-37.566748,300,906.158305
-9.808746,300,906.625496
56.41324,271,907.103411
-18.126759,300,907.593005
-40.49068,300,908.082712
69.55578,194,908.473135
72.350366,192,908.852263
22.216871,151,909.155442
70.762193,105,909.428576
-11.432385,300,909.935562
69.180437,300,910.434631
22.632595,300,910.988825
-35.378142,300,911.482711
-6.715389,245,911.963023
81.004121,169,912.273678
28.279105,300,912.837682
73.0394,161,913.193418
7.203104,300,917.971885
0.980679,300,918.486859
96.519593,150,918.853126
20.289665,300,919.465796
-39.259352,300,919.941291
73.152029,260,920.473373
73.342364,216,920.986813
81.103709,173,921.379479
52.246046,114,921.759196
20.815467,75,921.973944
-25.431402,300,922.476083
71.361531,70,922.724158
9.919799,300,923.218294
-40.397502,300,923.721803
61.103334,183,924.11533
-20.399998,300,924.586305
-63.2,300,925.058782
-41.200039,300,925.537195
20.820623,300,926.077676
-30.064429,300,926.670714
-166.471384,300,931.698768
74.671809,200,932.078837
-11.946536,300,932.602889
38.370015,229,933.203093
74.867553,101,933.47779
64.822661,230,933.925425
75.137428,226,934.333284
69.779593,185,934.719482
-9.184655,300,935.2511
70.052147,187,935.674404
70.280946,178,936.037543
9.204712,195,936.466048
-50.661442,300,936.937719
61.797386,207,937.339889
-13.750804,300,937.827005
-36.99857,300,938.306913
71.842824,78,938.519848
-64.0,300,939.011951
78.136734,176,939.353775
-75.034118,283,939.876216
-51.518799,300,940.450637
74.764552,83,940.693206
-28.953289,300,941.201335
68.503411,122,945.988243
84.075631,209,946.42052
-46.342907,300,947.005102
4.197825,300,947.559678
-30.193472,300,948.052295
-7.699027,300,948.562994
72.052233,187,948.938063
77.307776,148,949.331222
-22.888523,300,949.892484
61.09254,85,950.149385
63.569139,217,950.577899
34.111369,300,951.111999
-39.156877,300,951.604702
-45.218142,300,952.057056
23.563321,300,952.585045
5.05118,300,953.10413
11.997459,287,953.628906
73.349765,167,953.98621
2.630634,300,954.475156
69.148963,143,954.798062
84.722531,70,955.0209
