#{"t_start": 1775177787.0761526, "env_id": "None"}
r,l,t
-20.916555,195,0.383952
64.94038,30,0.486845
55.978335,38,0.611822
13.553844,86,0.802907
-27.473443,156,1.034122
-50.096111,223,1.358947
-5.734162,97,1.55833
28.926336,123,1.766459
58.882893,47,1.898161
26.984346,88,2.066116
-10.301235,138,2.280941
18.253339,135,2.491209
24.237595,122,2.668437
-16.308219,104,2.865913
5.360745,69,3.023373
41.310621,143,3.254464
41.119434,69,3.385498
35.264475,118,3.594568
17.562699,227,5.664201
-9.600416,156,5.906136
-17.107225,139,6.146062
15.625484,96,6.315936
12.110071,78,6.467643
34.779146,98,6.649791
34.950207,37,6.753232
-11.773945,91,6.948114
39.449204,44,7.070443
29.876397,69,7.221241
0.652369,167,7.479218
34.44668,29,7.580158
10.699098,65,7.715709
24.335894,75,7.882736
32.943439,91,8.058538
-8.372631,169,8.309791
-8.155623,138,8.517297
29.881124,34,8.649736
29.170627,86,8.818001
35.60433,74,8.989326
43.724576,115,9.186721
20.459899,84,10.896743
13.802868,98,11.087729
24.017782,118,11.301155
-0.413982,138,11.508312
-9.7619,128,11.721929
83.000214,28,11.825666
-17.080086,104,12.033236
23.508415,70,12.172732
-48.679309,357,19.349309
38.755554,62,19.503073
18.933403,144,19.735001
57.19883,61,19.985815
22.605263,78,20.40976
2.95429,81,20.729563
35.780303,113,21.151911
15.333914,150,21.538201
12.723925,102,21.737767
14.025869,51,21.874279
18.029335,115,22.0876
16.563733,136,23.882804
68.646331,24,23.993172
29.853491,100,24.180507
36.766325,67,24.358303
-33.072017,186,24.615918
15.121048,81,24.758397
36.557314,64,24.906635
6.060669,76,25.078147
52.899205,87,25.240757
11.772474,74,25.425378
49.10382,90,25.598909
-17.216896,249,25.942773
31.916396,39,26.052605
14.831697,87,26.203794
26.330654,58,26.341737
63.605195,57,26.491547
28.707425,57,26.613238
37.143742,55,26.763002
8.838314,66,26.980807
-12.472991,108,27.459043
29.498306,125,27.740492
6.57173,131,28.010662
-4.649923,78,29.849803
32.174442,67,30.020018
25.240632,120,30.221375
27.295749,143,30.440893
67.855141,55,30.588931
8.842554,209,30.884523
9.289457,131,31.117047
-0.709292,129,31.34148
-1.615723,111,31.529635
65.356355,69,31.694805
11.165547,47,31.819072
37.727316,56,31.962377
22.408377,151,32.185336
3.353062,87,32.351592
41.00402,17,32.4543
19.398862,80,32.605618
22.720268,41,32.721597
54.019423,176,33.00349
14.45938,48,33.13707
53.364959,56,40.123595
8.634557,154,40.371982
43.840523,60,42.267547
24.603324,42,42.420088
17.014842,75,42.589301
20.075084,58,42.737362
15.864416,67,42.878472
-24.481714,355,43.325366
55.176794,38,43.434363
34.043092,45,43.549136
29.66873,29,43.658592
23.880268,57,43.789012
45.512975,48,43.94751
15.44873,58,44.086625
22.880123,107,44.301361
30.477963,48,44.420379
5.192629,98,44.610294
23.655587,53,44.7349
8.847291,113,44.930971
35.069123,32,45.04042
15.907027,62,45.177657
-1.505384,169,45.449422
20.153618,104,45.632871
33.922606,82,45.795242
35.426213,21,45.907674
33.5213,65,46.040339
34.688558,81,46.180099
35.518622,71,46.32097
37.189331,105,48.052752
28.881225,44,48.189416
55.646258,40,48.325242
20.640479,67,48.451081
-3.025638,88,48.61099
1.283585,62,48.747107
-1.566153,231,49.057985
43.839391,40,49.186435
38.003119,78,49.331004
21.016439,58,49.4758
51.524044,32,49.612239
34.101975,84,49.778646
1.098133,65,49.905269
75.244051,27,50.006572
26.119093,72,50.144315
35.535562,49,50.275531
55.193182,39,50.394931
21.618491,87,50.573289
44.465593,74,50.721255
-31.61911,170,50.962577
66.317053,38,51.083533
37.292295,62,51.225394
4.832484,221,51.534175
34.498229,43,51.676681
28.567845,49,51.928
24.197609,53,52.157034
23.366441,72,52.329763
43.405015,112,54.034575
-9.96178,164,54.30331
16.474648,97,54.468429
32.967535,118,54.702584
40.130751,42,54.8212
25.158821,34,54.951209
19.664551,93,55.122025
7.513707,85,62.32203
34.212118,46,62.456654
-11.895927,119,62.643862
28.201944,79,62.81597
37.206631,96,62.993495
78.757334,34,63.093487
57.035865,31,63.197065
45.486354,110,63.386881
8.874231,99,63.731204
45.926841,61,63.87103
48.128099,70,64.072317
-2.786611,94,64.235533
9.541593,74,64.381359
18.731818,96,64.570439
33.66466,35,64.697388
3.68344,42,64.823705
38.067988,90,64.998482
42.792588,35,65.102107
51.162556,69,65.244408
3.776686,167,67.069892
49.456934,42,67.186074
32.862188,92,67.345577
29.397092,52,67.472201
37.154953,60,67.613715
33.324065,64,67.759957
55.990453,56,67.883454
41.539227,72,68.060444
30.633813,45,68.179081
13.59329,74,68.332467
37.694604,48,68.459095
13.929018,72,68.620334
30.113129,60,68.752408
47.391411,162,69.079459
-12.80102,159,69.333621
58.464966,50,69.483594
9.990245,82,69.656962
20.391363,31,69.757729
30.415243,88,69.920177
35.350456,121,70.125452
16.682272,107,70.321451
33.562439,54,70.447963
58.507332,59,70.585099
18.55308,71,70.76135
52.838065,97,70.945408
-1.078246,234,72.801213
37.325308,84,72.957863
63.944568,66,73.100891
12.041373,87,73.286556
82.195959,37,73.413406
32.980585,35,73.527471
16.86218,77,73.687783
28.48523,96,73.848537
31.780942,41,73.991122
50.696809,69,74.133214
67.412675,71,74.309999
27.260406,43,74.473886
37.487982,115,74.699893
22.89194,89,74.898853
48.571789,111,75.118559
22.866675,64,75.262901
59.410607,101,75.45124
36.112393,32,75.554197
21.240856,96,75.708009
41.926317,60,75.874812
31.365897,88,76.067446
33.151481,110,83.793654
2.539573,125,84.082307
52.571083,78,84.243871
24.725697,77,84.414623
14.985715,76,84.564231
27.399474,125,86.497685
82.937715,88,86.674082
26.393694,49,86.794381
7.622905,170,87.160146
23.75983,145,87.553922
23.965913,27,87.718406
54.641563,97,87.965035
42.694655,15,88.087152
17.632818,174,88.341362
22.829226,102,88.518279
82.701292,41,88.635223
65.170932,44,88.763536
69.29261,21,88.878047
55.0435,29,88.990272
24.233058,58,89.124152
29.373849,113,89.319255
27.293622,43,89.432715
54.328543,45,89.567346
1.320293,114,89.769972
70.107565,49,89.904622
17.228205,101,90.07077
50.832184,22,90.165526
43.411246,72,90.342366
32.788542,101,90.501412
25.133226,66,90.646815
61.882369,27,90.75477
37.501748,31,90.878376
26.160276,69,91.030271
17.286977,80,92.686033
21.839141,56,92.859848
5.394595,144,93.115779
0.080101,119,93.32347
44.903562,28,93.464243
32.867506,18,93.558572
29.284722,43,93.671027
7.180033,85,93.832883
13.111672,135,94.063274
44.848799,57,94.195298
70.005557,49,94.329921
3.282752,195,94.632066
7.500329,149,94.837773
22.027874,76,95.008844
32.322015,96,95.178596
28.826109,26,95.295761
78.667055,30,95.386297
34.402626,127,95.60509
-6.584357,158,95.842183
27.154197,113,96.07741
42.735522,38,96.187558
29.194928,83,96.347215
66.979046,77,96.519367
41.937917,43,96.632499
37.345043,31,96.736973
7.456558,123,98.432161
72.159365,75,98.619353
56.353779,67,98.803912
73.746223,38,98.932952
17.506608,152,99.175136
40.163121,47,106.286898
56.994267,40,106.416572
19.924736,122,106.611358
29.752251,70,106.791431
-0.429721,116,106.969192
59.883054,14,107.086987
34.659362,29,107.194688
82.716134,25,107.358722
26.145396,78,107.61294
57.864856,65,107.770352
47.492751,32,107.933619
52.551913,83,108.06899
3.500619,99,108.247221
27.715724,122,108.454388
52.423316,93,108.612728
16.164652,57,108.728488
59.076938,45,108.861691
17.941026,70,109.016474
18.068833,151,109.246019
67.141843,28,109.375037
9.321849,93,109.546769
52.98332,48,109.66356
14.806497,138,111.396884
78.364908,44,111.562764
18.082576,78,111.742684
28.262133,67,111.902145
28.206862,93,112.074857
31.370418,65,112.225395
18.188965,55,112.366947
18.478503,150,112.597864
23.780291,96,112.770144
39.789387,41,112.914848
41.720394,85,113.116668
28.819445,56,113.240103
67.62331,33,113.341073
28.667466,71,113.499684
61.778151,19,113.620584
35.973443,98,113.821166
16.131055,58,113.968528
65.418409,68,114.110748
42.050835,31,114.227435
44.35791,38,114.337342
31.717942,204,114.622731
37.766777,65,114.752793
21.712127,130,114.97211
51.994736,35,115.116765
15.086847,143,115.348872
34.867318,104,115.531733
55.111536,33,115.642182
73.376021,35,115.74781
54.166621,58,117.413031
45.586084,151,117.667105
21.204682,42,117.789026
37.252384,71,117.946774
20.970697,27,118.077667
10.21191,173,118.351016
41.456391,81,118.525687
30.408345,50,118.67765
15.664828,62,118.81868
12.623335,119,119.00842
29.928934,85,119.193431
31.876872,43,119.326112
55.224835,85,119.507277
25.520886,40,119.655812
41.175814,36,119.790224
41.42114,65,119.921403
43.476846,30,120.024343
9.623169,236,128.750851
20.356975,221,129.071631
39.818987,34,129.193152
45.608803,36,129.320631
37.008394,50,129.461381
54.847187,34,129.568933
69.098189,20,129.66298
36.305905,73,129.941244
61.453541,26,130.042037
48.969157,58,130.178195
64.007109,84,131.888743
40.548638,59,132.073399
61.20472,239,132.424601
30.052267,52,132.566518
77.083152,13,132.665385
50.461563,110,132.840454
41.071418,27,132.976859
56.488286,23,133.079119
35.456472,114,133.270472
18.070352,41,133.397689
35.887334,65,133.549205
47.63404,53,133.663496
-11.703296,116,133.841053
47.52243,50,133.973696
50.107659,59,134.134137
34.697501,26,134.219091
56.781346,89,134.402881
45.592092,26,134.53705
44.953464,36,134.653725
69.765442,37,134.796262
33.984792,52,134.927281
7.686125,89,135.093114
43.499509,28,135.180837
50.082162,54,135.32428
23.826976,65,135.474317
14.716237,129,135.688936
39.839374,40,135.796919
61.321635,70,135.954592
35.301509,36,136.060414
46.613849,31,136.176283
53.24748,88,136.349397
54.761873,76,136.49545
23.757122,86,138.206492
51.15589,47,138.361402
33.67414,55,138.480653
42.152579,38,138.59504
54.722977,51,138.739231
52.633391,80,138.899323
49.139851,78,139.043127
48.734675,47,139.175992
41.370717,40,139.302412
34.411687,73,139.455457
55.947122,73,139.612488
44.59821,35,139.737559
48.674498,65,139.929153
46.568532,62,140.13062
47.69166,35,140.259212
57.290258,88,140.450216
36.506023,41,140.577145
16.696316,164,140.820286
8.272373,88,140.993059
34.918679,41,141.106608
68.409832,27,141.236919
-5.078194,160,141.484603
53.390126,75,141.636949
53.071177,57,141.787807
70.302032,45,141.910859
27.433458,87,142.081649
56.191265,80,142.235416
51.504195,35,142.42948
50.070597,38,142.556767
44.426184,186,142.84558
30.071124,29,144.46252
26.861525,95,144.675934
45.695216,42,144.791473
48.693672,59,152.242154
22.76793,109,152.416047
76.686074,28,152.517086
37.889361,102,152.707339
2.47943,139,152.903047
44.164752,39,153.037756
34.416305,67,153.193154
33.82797,78,153.487983
20.004569,93,153.720444
59.7164,65,153.917393
29.566537,43,154.05845
32.965464,38,154.196358
56.055853,41,154.321367
27.565053,52,154.47266
63.974196,33,154.584612
26.46001,64,154.750037
50.168749,57,154.877001
39.243629,80,155.015096
31.712551,80,155.172487
51.314294,61,155.311071
19.474816,43,155.42133
53.60197,115,155.629413
35.821248,46,155.743169
40.8487,102,155.933048
31.568388,313,157.865354
41.80574,42,157.991865
49.626808,30,158.103054
52.260042,69,158.238318
70.127887,27,158.346892
10.299137,117,158.526819
35.844314,115,158.726465
39.496825,73,158.88946
17.239248,198,159.151247
71.651746,37,159.313742
36.286234,72,159.462434
63.683114,55,159.595137
16.613429,105,159.790263
39.1741,73,159.929385
68.768789,57,160.06151
33.096451,44,160.189182
17.155582,71,160.362329
45.502566,71,160.51588
21.626732,38,160.626642
52.687419,26,160.738079
57.213221,79,160.908434
74.517172,111,161.09301
39.622504,43,161.19738
18.102105,70,161.365593
36.962322,39,161.493004
31.496461,112,161.692447
-3.59263,191,161.967176
20.708448,65,163.777686
49.321168,79,163.965665
32.555603,72,164.115474
21.275212,45,164.230302
52.740811,54,164.368174
46.00839,99,164.568451
59.924937,28,164.832403
40.763945,122,165.052046
27.42314,146,165.314873
45.730969,45,165.453908
46.291614,112,165.653159
42.329557,46,165.785009
40.049825,56,166.008769
24.060561,96,166.168024
22.003471,137,173.428627
36.938424,169,173.652691
26.304756,100,173.845417
49.90936,27,173.954622
50.778581,50,174.109461
45.724273,132,174.329146
56.708608,14,174.46793
11.3808,48,174.659835
68.686703,84,174.855246
62.451487,46,174.999766
44.084816,42,175.122331
31.791107,53,175.287922
32.580913,64,175.433279
34.410168,87,177.193018
41.577259,51,177.348715
46.987018,83,177.513009
43.537643,56,177.639193
27.690289,61,177.790201
46.409099,101,177.971749
41.439948,50,178.103488
58.511982,46,178.218761
64.820795,102,178.391784
58.854172,20,178.50413
74.700818,31,178.61875
68.701033,29,178.735521
41.390833,55,178.870433
30.54997,115,179.075157
21.555703,131,179.311292
81.98545,40,179.443926
35.259426,18,179.529395
49.793707,25,179.614675
33.495444,88,179.783726
27.537166,116,179.988476
60.591406,36,180.116562
51.806085,47,180.246511
52.788543,75,180.427387
29.260761,77,180.599051
24.453449,101,180.781974
9.863221,127,180.977488
38.389823,71,181.146586
61.60106,147,181.376498
37.469291,46,181.498542
58.687672,38,181.632079
38.581419,65,183.391019
62.987727,72,183.586086
46.686183,64,183.725856
54.109037,57,183.866376
59.724562,30,183.976848
62.79202,64,184.118123
40.129016,32,184.221839
37.092442,50,184.36214
53.254259,22,184.44569
34.407436,84,184.631699
14.594775,163,184.906766
54.02691,66,185.054351
58.477469,53,185.190183
39.19632,140,185.406563
65.910682,32,185.510131
44.503258,61,185.651304
65.86444,106,185.844015
47.666098,129,186.062016
19.735003,124,186.28459
58.15956,65,186.437679
44.140136,70,186.61855
38.709353,79,186.79089
38.49684,25,186.898149
36.710133,132,187.120182
52.394434,49,187.225476
46.414544,44,187.416855
42.163793,123,187.620166
66.596211,34,194.685726
37.762176,76,196.611198
39.044205,70,196.784199
41.017346,63,196.948379
55.488173,73,197.089855
50.562649,35,197.204075
63.070512,37,197.322532
42.385498,90,197.5083
67.697022,211,197.81515
25.888425,110,198.007513
43.596036,161,198.25475
39.769168,56,198.397985
39.492333,83,198.592722
19.487872,161,198.820352
48.088836,29,198.92132
45.005127,130,199.131544
48.123232,40,199.250858
42.765874,136,199.513581
41.368631,70,199.781301
39.321776,162,200.375209
23.74086,154,200.63982
21.913897,71,200.793511
40.826457,52,200.93094
15.73357,74,202.607271
62.237723,69,202.774493
68.755695,79,202.940611
37.464104,63,203.082624
50.238287,33,203.204416
19.441979,103,203.423224
34.067202,47,203.55657
39.865751,126,203.760481
44.799361,56,203.999576
46.64569,69,204.204761
56.776355,68,204.472083
60.110513,23,204.650686
53.522762,61,204.914394
35.449011,35,205.105049
61.752608,64,205.320541
80.148672,29,205.442945
56.801576,64,205.604779
40.087446,72,205.762996
33.933846,69,205.976821
50.331336,46,206.109435
59.022962,21,206.192139
57.378174,72,206.372361
56.977536,104,206.584889
44.466985,43,206.70797
36.056836,75,206.897777
47.950742,61,207.065852
61.482792,42,207.456605
70.737451,43,207.765079
19.435748,67,208.058949
61.292423,143,208.354093
39.955756,109,208.558328
32.314219,81,210.28215
56.192441,58,210.443739
50.125124,72,210.585532
70.826618,48,210.727039
40.318397,86,210.867546
34.358442,50,211.004374
74.847894,100,211.174899
32.503676,50,211.308819
67.174962,57,211.456009
19.528004,59,211.615661
16.889823,112,211.829083
29.309987,90,211.992653
20.297616,106,219.319131
32.051713,64,219.477413
59.08643,39,219.605039
33.190417,70,219.794147
51.151573,59,219.92398
22.80884,286,220.381091
35.776651,51,220.574321
21.477196,102,220.789109
38.45911,71,220.975412
28.464531,44,221.100125
34.625456,93,221.312119
79.583016,34,221.449606
49.292906,71,221.608158
29.04684,59,221.766875
51.140246,20,221.849257
60.141779,35,221.984318
60.313118,39,223.636171
68.71764,37,223.775181
42.341089,83,223.920186
39.679845,56,224.086727
51.452171,14,224.165265
19.046275,66,224.320951
18.607133,128,224.529852
27.01243,202,224.815475
13.113818,171,225.076429
29.881084,66,225.205813
27.178763,95,225.395667
55.676967,54,225.546418
46.679108,97,225.738172
55.184194,57,225.889479
41.452008,84,226.062893
23.853315,149,226.293944
30.706603,75,226.459429
47.375967,42,226.596878
38.350093,140,226.833885
23.099548,43,226.9694
43.840299,89,227.136624
43.299695,50,227.286186
65.696898,62,227.41466
6.636932,120,227.620957
78.057817,20,227.706162
38.46588,46,229.430312
18.084198,79,229.580127
77.286421,61,229.717601
46.650431,35,229.830689
49.335353,55,229.989859
61.044913,31,230.12483
39.710171,51,230.24106
58.658964,29,230.349941
60.838744,14,230.450566
56.890303,124,230.652329
74.775433,30,230.755261
48.005697,38,230.892634
26.775592,105,231.085321
65.235748,34,231.205111
52.989302,55,231.369975
44.62308,30,231.486602
39.273083,146,231.708441
39.938776,170,231.952608
64.35656,112,232.14253
45.399535,95,232.307377
61.690429,86,232.478906
41.756637,71,232.663915
58.445323,69,232.802627
71.31012,121,232.985296
46.762005,102,240.157357
73.849578,95,240.346076
45.86873,94,240.524668
74.385528,40,240.643936
51.576153,66,242.592631
80.026019,41,242.72805
50.020332,70,242.888142
32.695084,68,243.033902
15.243738,88,243.210962
41.943805,50,243.346286
14.633106,33,243.458062
19.240208,112,243.669579
29.940278,58,243.825887
24.4287,108,244.021565
54.566589,58,244.147622
79.537385,37,244.277302
26.890175,55,244.427334
25.27955,68,244.567704
37.988784,35,244.686605
64.621678,55,244.810099
41.895357,97,245.032077
52.077592,107,245.22473
25.716126,63,245.400842
24.680162,99,245.583393
37.077451,134,245.794792
16.60214,105,245.993654
58.348297,36,246.120878
54.27516,34,246.243569
59.19191,134,246.495643
53.343108,130,246.712647
38.928595,123,246.927497
56.202175,60,248.540311
57.808347,85,248.743681
62.864777,77,248.893072
73.640333,17,249.026346
30.206123,52,249.154363
58.022281,40,249.281988
68.363098,48,249.417811
29.467585,55,249.585344
65.104885,87,249.76758
45.6396,54,249.902824
58.724275,19,249.998676
29.11238,49,250.13739
45.686936,43,250.251145
74.291323,18,250.345751
38.275299,79,250.471043
33.882658,147,250.695887
59.972597,73,250.848714
72.039054,19,250.945989
39.226367,67,251.119863
72.434999,27,251.227122
37.71858,121,251.4468
42.669128,46,251.560898
68.384902,39,251.686647
68.636562,94,251.883785
60.487644,84,252.034196
72.9018,30,252.163974
45.594295,31,252.269122
46.349525,49,252.371574
72.275511,51,252.489811
70.280378,19,252.606908
63.402868,66,252.775074
57.111485,38,252.907076
55.264544,89,253.075945
53.359738,56,253.207224
55.77264,70,253.386377
69.612383,83,255.095745
66.243036,36,255.255635
37.674805,16,255.367236
49.814681,83,255.523458
40.600172,40,255.643918
25.449661,74,255.832562
59.231062,86,255.979043
32.366714,50,256.115638
26.494446,100,256.3305
39.702933,208,263.739726
63.399006,166,263.977801
73.545964,20,264.086765
41.645278,22,264.179793
33.367168,73,264.34629
39.376126,63,264.506605
53.233868,47,264.619839
39.399231,24,264.780173
30.47662,156,265.116696
52.730729,71,265.27681
26.829394,183,265.55209
37.51615,23,265.656365
27.463163,167,265.913975
59.279683,117,266.105412
31.817202,227,268.193324
46.704784,59,268.376996
17.85429,129,268.604992
38.264184,133,268.823713
18.750178,204,269.130328
30.286675,92,269.313854
33.694938,32,269.426173
53.970595,53,269.546815
61.015647,51,269.690788
65.528528,33,269.803347
63.179872,37,269.91404
81.061372,44,270.038758
73.933855,145,270.454048
68.954655,33,270.675506
37.913444,128,271.072935
18.378544,68,271.245312
63.516105,91,271.433632
75.262589,61,271.557665
64.978679,24,271.668376
34.262557,121,271.905372
32.967125,35,272.029576
33.954568,108,272.208344
38.754489,47,272.360159
40.808065,195,272.625716
54.919192,41,272.739368
56.719763,125,274.579046
56.007222,111,274.80504
84.549934,54,274.97362
44.630214,43,275.283794
50.95104,83,275.478257
61.443023,149,275.726269
58.698219,59,275.861373
72.604381,46,275.989756
69.156649,51,276.126615
60.6255,34,276.252089
36.578852,43,276.369926
40.239294,207,276.704106
63.122435,97,276.868093
68.62775,121,277.061248
54.722445,42,277.18662
30.146505,41,277.327193
26.163051,55,277.462079
62.318958,263,284.639973
47.910133,30,284.769407
38.56186,260,285.118201
60.586911,66,285.280819
54.783397,117,285.475414
62.175251,40,287.381529
18.766087,82,287.573621
33.274264,43,287.701303
52.941059,77,287.879281
55.459967,94,288.07586
45.171591,22,288.173785
38.243099,153,288.418578
80.615535,31,288.531894
27.371587,59,288.697147
53.353212,52,288.851871
32.595592,88,289.025541
39.288369,224,289.355344
75.26345,48,289.482833
67.74782,28,289.601191
45.686455,32,289.694025
52.461508,57,289.853859
37.085181,96,290.026314
56.861146,23,290.138189
40.665825,146,290.393001
52.278657,80,290.556209
49.613376,46,290.673564
12.729557,400,291.162363
85.152762,54,291.32603
36.857815,47,291.461577
41.600574,139,293.236487
17.212789,69,293.395483
56.028094,88,293.578676
78.531607,80,293.74316
49.025488,18,293.849844
46.515621,91,294.022485
42.597982,45,294.142242
33.058059,81,294.285832
22.487822,66,294.448164
31.862326,173,294.695678
34.111863,52,294.856689
46.116268,29,294.959937
33.202263,62,295.087345
63.666519,56,295.218813
26.558669,86,295.39287
62.614907,64,295.550882
61.491518,58,295.699266
45.013152,32,295.80225
69.811835,33,295.930741
46.770639,133,296.158692
55.911601,17,296.261057
54.74612,65,296.419023
47.470824,27,296.547421
55.817618,31,296.649443
80.866879,68,296.792481
82.698082,43,296.922786
66.309478,32,297.030696
56.267193,66,297.155939
41.762602,95,297.316488
-35.010787,400,299.293602
50.43117,53,299.456129
42.259033,50,299.608868
1.789329,91,307.625783
48.509435,50,307.744649
57.945243,42,307.854188
38.416248,60,307.998561
30.616085,102,308.173313
11.990957,139,308.446627
44.029067,90,308.642113
29.842319,76,308.945249
29.460335,101,309.142662
57.938276,65,309.305455
41.05491,158,309.591578
35.180134,119,309.820377
47.467324,23,309.933762
64.439929,39,310.056816
70.102607,42,310.174822
23.660275,53,310.305937
43.343295,231,310.612345
39.130175,64,310.75458
48.507751,61,310.895466
29.418359,198,312.766632
57.758176,41,312.910987
70.678147,89,313.079852
52.925093,34,313.193268
31.698122,49,313.314691
43.074358,58,313.474509
59.659546,36,313.582484
53.202095,104,313.744517
61.487915,49,313.910302
43.098108,24,314.032691
57.953291,32,314.170821
61.456576,21,314.288152
51.507564,92,314.475268
80.468881,32,314.600699
49.675024,168,314.861303
21.772234,61,314.989752
40.352402,65,315.155645
37.383365,68,315.302711
20.268665,129,315.512506
78.523995,38,315.680747
33.252349,135,315.941135
33.809089,210,316.374717
56.946669,112,316.577784
26.886475,74,316.74688
48.12988,61,316.903885
46.873432,89,317.103568
48.184665,44,317.24018
35.528006,86,318.892334
60.678065,81,319.10935
56.385152,47,319.229708
-41.582296,400,319.67488
42.373479,32,319.77449
68.540476,66,320.046387
29.765065,78,320.304558
36.549687,68,320.568377
37.16121,19,320.713566
81.671722,18,320.877462
25.178608,112,321.0891
62.163545,205,321.402617
60.624581,61,321.528829
49.791651,53,321.654989
37.582886,48,328.89812
50.909655,22,329.021749
36.826528,59,329.143311
45.497942,49,329.274571
37.508115,21,329.353508
44.010481,143,329.572745
25.553307,53,329.715149
49.486103,59,329.864166
87.183931,51,330.095038
31.780056,234,330.437042
60.100994,21,330.583527
51.037527,94,332.358585
78.083398,42,332.504056
19.493888,66,332.647306
23.509255,257,333.006992
53.211107,19,333.120955
24.034263,222,333.439013
58.909906,130,333.669749
53.351279,64,333.80912
39.215735,114,334.021064
40.417456,62,334.167224
33.19125,158,334.417685
49.133192,75,334.569553
36.370739,82,334.753441
49.139433,115,335.333794
21.36149,118,335.70638
38.264618,108,335.936738
34.956484,64,336.254014
72.431501,47,336.491607
31.548085,67,336.783385
30.830905,174,337.358447
28.267847,69,339.128671
51.709969,121,339.368763
39.833822,131,339.608752
62.908947,55,339.745856
65.421752,78,339.93094
38.062505,80,340.102581
42.527484,41,340.235125
27.221229,59,340.380209
58.070179,244,340.736869
56.605079,82,340.931087
36.151142,41,341.073284
46.258826,94,341.239985
48.072896,68,341.398846
42.349948,151,341.627718
75.245576,27,341.738485
56.711,36,341.88534
34.163979,90,342.075092
28.70322,81,342.232234
56.620852,125,342.41463
70.034977,71,342.571172
40.404083,129,342.791657
73.86229,29,342.898001
67.408482,118,343.119393
39.362773,70,344.780663
67.617941,149,353.562383
63.309242,38,353.741144
41.673517,65,353.945983
23.332959,40,354.11263
49.704176,48,354.44458
71.490815,256,355.384298
76.38977,45,355.70961
83.697452,97,356.148765
51.479467,94,356.663164
40.134028,102,357.063438
53.827033,74,357.329478
71.346146,171,357.809543
54.186919,110,358.134711
72.675515,62,358.348565
42.700525,95,358.543936
42.507573,101,358.892452
28.726273,35,359.047956
71.927208,49,359.270584
37.344938,249,359.632717
93.66274,31,359.756655
75.95205,16,359.865261
32.244101,75,360.066957
50.083553,37,362.595298
31.735647,260,363.173164
74.390741,57,363.449016
66.20077,32,363.599838
30.356975,28,363.786661
54.509068,53,363.976511
51.891144,122,364.363437
-41.634204,185,364.746902
66.260288,34,364.907185
32.783428,120,365.254883
40.620446,137,365.600132
49.4025,61,365.761728
65.664581,39,365.886461
74.398806,30,365.98675
39.537946,63,366.145136
55.424845,43,366.304792
43.457342,63,366.488434
52.150157,35,366.623914
70.156145,28,366.751233
61.701427,76,366.95206
92.791251,62,367.082994
64.149838,56,367.231117
47.947018,131,367.491966
46.714499,109,367.769316
57.579097,48,367.901318
23.621778,112,368.098325
38.978932,44,369.895323
79.830914,143,370.165214
54.21031,80,370.338295
16.689783,96,370.525288
52.064769,62,370.674106
28.955917,50,370.833539
12.732418,61,371.000845
22.707234,154,371.269521
62.989701,29,371.394461
50.107051,75,371.559541
5.117052,114,371.780106
39.141288,60,371.933962
54.274743,131,379.91695
61.660922,43,380.127462
79.416453,45,380.261472
65.252265,70,380.448212
52.866356,29,380.561561
70.36428,47,380.747173
49.742547,42,380.997544
21.238401,290,381.554969
50.378369,78,381.740139
25.852836,130,381.940766
74.833989,62,382.078843
76.943559,40,382.212541
46.54745,85,382.384943
72.878878,25,382.482737
47.832055,117,384.25398
69.994603,35,384.366694
32.770891,55,384.510507
36.425291,197,384.816774
7.789051,187,385.093666
45.46136,120,385.294106
46.964615,54,385.446778
54.707656,160,385.692201
40.080346,125,385.90445
80.085434,54,386.054416
62.80608,107,386.250305
48.990274,67,386.404354
43.58236,104,386.611648
44.517056,133,386.815232
29.947968,127,387.300835
58.683265,108,387.568946
80.793602,30,387.699786
70.295182,32,387.80981
35.819376,126,388.040252
21.340803,58,388.200345
48.983263,39,388.309494
54.211023,138,390.097851
81.042489,68,390.23592
59.896981,49,390.358269
61.526216,18,390.449081
62.332308,77,390.626106
62.38673,220,390.925285
50.248479,62,391.085379
55.991343,53,391.224344
50.861379,109,391.413304
43.317175,102,391.594536
58.072777,27,391.678892
52.843403,82,391.857846
49.193492,74,392.028192
48.036707,68,392.181587
56.147796,72,392.340843
39.262165,43,392.457805
79.693985,79,392.622483
71.593487,37,392.739695
51.608073,72,392.896104
44.729989,115,393.102383
26.818663,98,393.291658
57.625152,59,393.446672
63.631862,43,393.579109
46.384765,80,393.731535
62.619261,25,393.855759
75.059225,132,400.908762
42.175133,92,402.989003
44.814279,86,403.165631
57.414425,190,403.444435
41.191106,87,403.606987
59.28341,26,403.714949
55.731233,51,403.857138
37.079092,41,403.998572
45.897822,120,404.2192
44.863989,37,404.325804
53.750915,38,404.456154
48.371215,122,404.673286
57.325676,134,404.878107
68.426247,27,405.02035
42.694631,73,405.171329
51.047161,57,405.329792
36.814494,79,405.50351
50.267763,29,405.611122
46.927104,40,405.731522
62.483198,30,405.872465
80.57135,26,406.009006
73.458921,105,406.199817
43.920829,88,406.385171
31.005215,41,406.530824
60.150547,28,406.641871
51.130175,39,406.770705
64.744848,31,406.905018
57.505909,50,407.085737
23.158903,187,407.487464
39.351901,33,407.647079
34.961064,338,409.69909
44.050532,37,409.822668
50.885725,37,409.948852
64.228569,64,410.083134
41.304517,115,410.294564
40.670311,74,410.442284
54.024405,37,410.575826
25.708148,44,410.708393
46.90004,40,410.845631
54.922388,64,411.006832
42.436701,21,411.111932
46.730333,97,411.283032
62.722172,46,411.405379
40.860412,74,411.572137
34.614051,141,411.777222
34.087802,92,412.035092
54.248276,101,412.26836
26.671135,109,412.529045
49.408447,68,412.773937
72.012668,43,412.966286
42.39164,50,413.094527
36.463614,112,413.278083
49.498111,344,413.696571
42.801171,33,415.586472
36.052855,107,415.845846
86.402949,67,416.022425
39.458993,166,416.321311
-2.545549,56,416.490416
43.569838,88,416.653065
54.190385,48,416.785804
47.286013,27,416.889582
34.705669,82,417.036107
29.718297,48,417.152031
34.905379,104,424.970947
56.85545,170,425.416804
57.568252,95,425.614281
66.786073,19,425.704982
63.562574,21,425.820314
47.80706,52,425.956321
41.342521,32,426.18803
38.292569,90,426.459627
71.558017,35,426.667751
60.754803,98,426.852485
47.621466,103,427.048717
37.083492,88,427.214946
40.587759,31,427.331248
44.267825,78,427.492938
22.680846,127,427.696759
61.384334,30,427.804448
34.747521,39,427.929805
62.307884,39,428.055541
46.295037,83,428.21978
53.267426,58,429.905854
15.590751,194,430.207053
20.524832,104,430.368258
71.919363,13,430.44333
47.908775,65,430.589989
75.762127,72,430.73518
41.877849,41,430.871221
16.886625,71,431.033916
57.875691,30,431.166172
32.129645,86,431.355935
42.707209,45,431.497449
53.263097,32,431.629265
43.121049,59,431.780787
48.185536,105,431.969522
38.1397,50,432.097496
31.864866,157,432.334261
68.052915,22,432.416989
48.559953,70,432.558821
43.788007,32,432.651824
33.446598,73,432.833101
73.588231,24,432.958195
60.833886,66,433.10129
25.036397,79,433.284511
49.16603,140,433.509982
68.882766,155,433.743335
39.846438,90,433.921401
31.527923,47,434.039399
57.400436,59,434.192343
55.176576,72,435.904899
47.870521,55,436.05567
28.066118,43,436.174786
43.92032,130,436.41118
70.795632,44,436.54628
39.135594,23,436.663348
47.19938,114,436.852604
47.588593,89,437.027141
38.373758,78,437.186943
63.447827,136,437.407119
9.853272,315,437.793633
55.944751,89,437.97473
38.685754,62,438.132957
35.142658,52,438.256268
43.504827,59,438.403409
58.065928,110,438.610341
60.777673,56,438.7414
43.74186,162,438.995921
48.517553,51,446.678373
53.367464,83,446.83739
27.675283,39,446.950716
41.474864,61,447.161407
82.98678,66,447.420603
56.33721,156,449.473299
44.747068,19,449.608532
38.837775,114,449.809085
42.690615,67,449.962016
48.535753,24,450.066391
48.216361,76,450.216949
54.983943,38,450.35019
-24.716986,98,450.548879
60.869969,50,450.678774
49.489497,81,450.851401
28.637405,77,451.004579
28.174995,57,451.141561
38.28307,121,451.346172
42.622405,87,451.53411
46.871141,76,451.678365
36.00334,66,451.802672
50.218809,133,452.008796
75.600469,24,452.175365
7.906087,174,452.523086
23.588964,114,452.818662
60.35085,18,452.940916
60.823533,17,453.064402
44.593671,38,453.206141
26.126653,47,453.342481
26.357041,316,453.743337
42.84546,41,453.878193
48.567864,20,455.599147
60.180351,22,455.716923
43.525285,28,455.824835
56.241158,74,455.981861
29.207582,127,456.210184
87.106354,19,456.311076
65.464828,45,456.448188
70.812183,48,456.579354
33.059723,33,456.695046
63.83808,39,456.82062
48.910359,31,456.948919
46.893095,74,457.128705
48.968942,35,457.299649
50.032189,46,457.45162
52.994633,65,457.650877
19.316184,74,457.84747
67.004264,51,457.962237
21.740357,74,458.107975
27.769161,128,458.309612
37.459755,108,458.480042
24.585415,51,458.623281
51.525701,81,458.790876
51.731657,74,458.929686
66.66713,24,459.029835
23.908992,236,459.347459
26.750445,60,459.474695
65.620402,56,459.624756
30.974592,88,459.807866
46.482725,31,459.904527
-10.200236,136,460.10598
70.371295,45,460.231148
73.642991,22,460.348193
51.736476,41,462.010363
54.078366,47,462.133018
56.127378,85,462.3114
37.243,101,462.504186
36.316451,123,462.69758
29.557916,124,462.907006
20.452397,101,470.217048
45.755449,63,470.3658
46.96649,85,470.547372
50.625979,63,470.709309
75.502533,48,470.866413
39.926694,97,471.069011
35.504163,50,471.202574
18.092411,77,471.462026
26.304417,65,471.618944
56.496611,37,471.75341
71.995628,48,471.901684
21.951113,101,472.098969
16.44813,77,472.261663
40.155503,48,472.396805
37.68024,31,472.500437
6.235963,111,472.696398
49.325221,170,472.98164
67.808077,36,473.112358
46.524796,80,473.25741
40.052034,84,473.425789
58.925581,22,473.517444
22.040466,141,475.306332
60.384253,41,475.43083
42.312994,174,475.694185
26.234726,90,475.873854
43.48154,20,475.979949
32.573581,24,476.080143
35.525925,25,476.202547
-1.489284,77,476.359475
27.132155,51,476.484127
27.218889,77,476.617576
32.504864,34,476.758899
24.413047,129,476.979681
33.664628,186,477.268034
61.665131,69,477.434078
40.316905,51,477.562911
21.508394,104,477.764362
22.352485,153,477.999298
64.016286,20,478.107732
30.713883,67,478.246234
72.614793,44,478.368026
59.580848,234,478.673281
52.998807,41,478.817535
67.693213,39,478.925537
36.813839,20,479.03682
53.852677,50,479.183167
27.545076,138,480.915008
33.460521,22,481.045155
50.236584,119,481.256789
56.811989,34,481.37856
41.220924,32,481.507264
29.285902,24,481.611412
90.193836,47,481.751595
37.07439,33,481.887394
52.023183,38,482.003436
59.160621,71,482.148612
33.039784,91,482.315357
38.369777,254,482.666912
37.527557,88,482.846477
24.708997,29,482.960006
27.655178,71,483.119813
25.07835,30,483.221968
9.960247,129,483.443115
41.006184,70,483.62855
46.550272,33,483.747138
57.809259,48,483.890861
38.917019,103,484.097549
46.571073,40,484.221103
49.665748,34,484.341343
93.899214,33,492.106811
50.799062,81,492.271628
18.386896,83,492.430515
15.027108,248,492.75554
63.81716,25,492.879279
30.675137,276,494.974667
58.713999,144,495.229131
38.79596,51,495.379749
52.786929,31,495.506568
22.823546,81,495.660146
57.412543,49,495.793433
41.683233,81,495.965195
53.027124,23,496.048262
50.869368,68,496.193738
84.619784,22,496.301265
49.584148,120,496.517346
53.068073,74,496.663757
49.520098,62,496.822085
54.255388,26,496.943884
70.144627,25,497.056737
53.363619,53,497.1757
43.650748,28,497.306391
50.022955,28,497.413159
66.216701,21,497.497826
32.021143,45,497.65404
47.20231,53,497.785017
56.37449,33,497.912849
54.739396,94,498.076629
11.388259,114,498.273819
-1.110323,112,498.497369
63.011906,19,498.61624
44.447893,138,498.842988
34.103789,95,498.995697
43.044469,42,499.102687
56.825481,41,499.228876
75.45055,31,499.33333
59.810307,43,499.46778
54.220878,27,499.575972
17.710005,169,501.772909
47.417871,77,501.948883
69.438621,130,502.176994
54.14076,56,502.290198
55.836368,20,502.398904
13.662454,43,502.535886
56.070334,157,502.778468
52.59973,110,502.958018
35.244842,261,503.293677
67.048708,70,503.444882
52.895371,96,503.623846
41.800738,120,503.823321
55.921679,21,503.922478
47.710957,26,504.046267
70.08689,30,504.140199
49.008634,50,504.259493
27.927864,38,504.37121
29.71819,36,504.502042
44.019519,28,504.606477
71.856828,204,504.949747
47.865887,195,505.220514
16.721022,57,505.353394
31.449116,80,507.319032
30.871228,116,507.659466
-29.601105,104,507.886093
67.133303,32,508.034166
40.177956,77,516.432366
28.582372,106,516.641666
29.018331,33,516.763047
25.555161,111,516.983885
41.457627,47,517.148566
33.519217,77,517.308631
29.376567,38,517.43462
50.789743,30,517.63948
57.464313,29,517.79099
42.762299,44,517.939012
68.31196,80,518.156609
44.7969,66,518.31119
60.143998,36,518.434628
23.716396,83,518.596839
45.846856,31,518.720782
54.404359,53,518.859154
29.778522,150,519.09472
46.076045,78,519.260352
29.451437,118,519.468011
43.020541,62,519.632919
49.863633,26,519.749957
35.688371,17,519.861078
54.231586,47,519.993716
46.922075,165,520.219201
66.777577,22,520.333905
66.315594,53,520.47379
59.7244,47,520.60278
66.811301,33,520.744215
51.871241,129,522.512653
60.08784,44,522.668632
58.020595,63,522.837037
34.995618,119,523.029441
62.671786,73,523.183652
76.40243,60,523.357814
46.438276,140,523.572812
29.585168,119,523.776047
50.600332,40,523.922428
50.032596,26,524.028662
53.964448,145,524.280132
49.846078,115,524.484874
67.901112,30,524.605823
47.533293,61,524.761261
26.681216,228,525.060385
70.989033,46,525.193928
37.470241,45,525.355637
13.496326,31,525.518608
49.075908,195,525.794418
43.857713,112,525.997849
41.77694,70,526.13405
35.92487,124,526.361228
18.148474,101,528.522382
60.68248,170,528.793959
49.171311,37,528.924577
27.096336,97,529.107115
55.012845,52,529.228165
59.728134,66,529.36181
38.343237,71,529.528954
37.852777,135,529.762158
44.557013,58,529.935862
59.608916,108,530.137771
50.333289,23,530.26214
28.620023,49,530.403676
75.257116,146,530.648335
54.85208,50,530.781915
45.803875,90,530.95221
37.588495,178,538.091553
51.458271,96,538.282032
68.789158,109,538.450329
77.514791,28,538.596965
31.200285,35,538.745698
61.446212,45,538.867227
47.761886,53,539.066957
50.739309,18,539.238995
68.581423,45,539.367684
40.190019,202,539.711221
49.226025,32,539.8412
31.138482,107,542.094977
74.078527,83,542.296857
58.782142,59,542.436765
48.271066,77,542.611829
58.976276,46,542.737956
26.681579,54,542.898968
37.617436,101,543.094867
61.620672,56,543.219064
31.820844,101,543.417688
17.388491,82,543.566248
28.310402,31,543.66101
44.060657,56,543.801627
59.627498,68,543.948092
25.594371,90,544.130371
57.066327,37,544.260574
33.67795,57,544.395261
55.99122,41,544.590623
66.240094,63,544.755246
66.545073,41,544.872799
59.168329,42,545.00678
59.229506,31,545.107877
14.311356,133,545.300225
56.98387,30,545.406836
66.531614,55,545.549883
43.593863,108,545.740302
60.225105,44,545.90962
28.682675,58,546.061997
9.807655,161,546.341669
47.982737,100,546.539155
53.4741,44,546.657196
69.181953,50,548.300996
26.833128,65,548.467448
55.88537,38,548.609083
31.772779,113,548.7932
46.556891,34,548.939429
59.876908,97,549.140097
43.761696,64,549.279233
32.949502,46,549.412552
26.828867,149,549.65377
31.750416,62,549.796744
69.569932,237,550.148364
34.629761,89,550.310492
53.133591,56,550.456293
46.148934,119,550.640618
51.151634,32,550.747941
42.891619,68,550.898543
20.761688,169,551.164826
42.277175,15,551.241171
70.226136,23,551.340086
60.581498,67,551.518456
34.026783,58,551.648445
36.700509,55,551.80564
55.008526,106,551.992089
62.64705,45,552.132173
34.355769,231,553.911099
56.163614,113,561.339371
48.460472,149,561.565008
52.59387,30,561.652445
25.718108,117,561.839349
14.643112,91,562.011024
57.153628,58,562.173843
20.332123,58,562.368524
36.876375,207,562.758999
46.696279,27,562.904994
34.797841,58,563.062043
72.939673,28,563.163635
47.237168,82,563.323866
43.046356,94,563.492851
72.128368,31,563.594619
53.070724,52,563.733604
44.048315,70,563.907493
45.475952,47,564.018769
33.039614,91,564.183836
23.418086,41,564.320861
44.318462,60,564.468172
33.901061,164,564.738729
60.489553,79,564.894588
52.008072,42,565.027148
58.936409,34,565.139688
47.32293,100,565.317822
19.056172,109,567.014921
51.755282,60,567.321976
64.371936,44,567.467569
83.348219,25,567.590626
52.128059,31,567.716209
36.807761,255,568.041666
28.905603,68,568.176197
69.57175,40,568.287497
23.223251,32,568.419632
88.448468,28,568.533838
56.084644,46,568.663204
45.51317,39,568.80274
57.353458,39,569.032179
9.737739,224,569.569052
52.804,74,569.868335
48.60971,21,570.008159
66.609545,30,570.123851
55.527675,48,570.292087
62.216075,26,570.445839
53.160319,56,570.669616
47.583568,75,570.851596
41.337787,45,570.998102
17.990491,53,571.103754
37.331524,171,571.363389
56.788761,83,571.538944
29.075035,149,571.769466
42.967939,69,571.929869
60.249344,70,572.12203
20.9155,148,573.849265
27.764843,69,574.008353
41.145926,61,574.178667
69.849263,22,574.274992
67.233913,55,574.407728
79.707066,16,574.508745
79.264296,28,574.626062
52.189038,36,574.748005
34.064558,128,574.963676
40.322286,110,575.174165
27.959392,82,575.320044
53.780329,32,575.424795
31.227725,158,575.669552
52.273146,125,575.864946
45.740858,104,583.001952
69.363368,26,583.126767
33.571353,22,583.256514
53.214258,35,583.390195
71.307733,32,583.487688
67.278343,140,583.705574
54.289492,54,583.827151
36.685642,72,584.029564
50.72979,20,584.200541
45.496927,88,584.375865
24.454898,99,584.581468
54.033927,40,584.7074
56.201572,83,584.884777
66.804271,58,585.040778
50.748447,32,585.181818
54.066337,80,585.341939
46.580292,45,585.504816
44.576691,23,585.588388
49.529072,44,585.711154
79.00301,53,587.400327
31.259707,27,587.530399
65.416497,42,587.664809
60.635454,82,587.826592
42.33957,29,587.926126
49.364006,60,588.076806
46.906559,72,588.219345
67.255418,40,588.363704
61.769325,62,588.517822
15.17869,60,588.680203
84.073911,35,588.795146
12.033958,165,589.042423
92.019425,50,589.158414
55.379682,110,589.355036
75.153883,47,589.479351
38.255104,26,589.587938
50.187425,72,589.729345
52.845483,25,589.84068
79.483571,50,589.970293
40.203396,127,590.184314
31.620384,69,590.323286
42.097345,127,590.554529
50.446009,32,590.666059
40.04518,41,590.781979
50.195851,42,590.888005
64.819934,18,590.989285
36.302408,125,591.196225
42.079579,62,591.332072
28.331979,195,591.62067
47.664766,92,591.812642
35.339,78,593.445024
58.32562,23,593.568946
39.346161,31,593.683235
67.942898,39,593.802633
74.813657,30,593.942362
43.588685,184,594.214473
11.444032,200,594.500677
39.078451,245,594.817704
56.870339,109,595.016441
77.364317,33,595.143288
69.853261,32,595.276692
32.447452,47,595.381245
45.458161,46,595.520186
-12.623579,153,595.76485
49.017827,81,595.925102
53.971448,26,596.029604
59.566547,66,596.187854
34.049553,109,596.366793
47.974346,320,596.767499
66.721907,225,606.575263
58.423577,43,606.745428
49.457114,54,606.914259
29.696124,49,607.028485
46.550745,42,607.181984
69.744469,97,607.367706
29.198152,150,607.614333
17.394497,114,607.813788
36.863497,38,607.918865
68.875128,56,608.070009
43.80348,43,608.204753
37.95218,96,608.388107
56.481196,20,608.50546
40.966549,69,608.678878
61.716751,18,608.770835
51.396025,52,608.918821
54.023308,149,609.163991
42.771869,33,609.268428
18.05329,51,609.392318
36.602678,58,609.515436
50.273312,35,609.61032
78.453208,15,609.693685
41.544406,38,609.814011
68.158156,16,609.887268
50.286121,66,610.050192
47.656434,148,610.300648
38.88269,35,610.409671
76.313026,42,610.52944
23.759696,34,610.664191
56.263214,33,610.777064
19.26896,80,610.950583
48.529655,108,611.165898
58.3073,41,611.294089
26.258614,42,611.421373
53.399457,20,611.51848
36.990537,190,613.330749
37.232957,33,613.425449
49.941012,70,613.557101
23.400343,79,613.715679
69.332515,41,613.84825
35.410303,100,614.047902
64.638554,34,614.176785
59.793477,43,614.328552
23.280954,85,614.484659
61.385283,46,614.605821
47.84466,39,614.715933
45.165031,138,614.951902
60.277604,129,615.174786
39.796959,23,615.305783
44.892902,46,615.44352
67.428362,30,615.566137
57.196811,44,615.675012
58.101874,109,615.86362
59.468624,79,616.021554
55.047314,19,616.116862
41.917736,45,616.242158
32.667517,42,616.384362
66.508319,30,616.487758
64.154255,31,616.61652
20.881851,94,616.762747
44.918573,28,616.899713
46.787477,28,617.027413
2.931313,181,617.277934
43.564202,34,617.39727
57.655612,40,617.489503
36.502722,48,617.622525
51.077956,55,617.756855
63.063574,54,617.905524
62.166143,59,619.550733
23.63752,61,619.705289
45.859054,39,619.832762
83.488657,20,620.068676
33.045416,47,620.210863
67.469805,36,620.314332
45.553306,60,620.47949
74.647491,20,620.610572
58.22071,40,620.722382
64.967503,36,620.821349
70.948891,40,620.919245
32.672842,71,621.087617
45.793105,72,621.225643
58.990154,40,621.342682
59.000698,43,621.473914
19.423084,98,629.081228
70.046757,46,629.241412
50.438609,108,629.414937
44.666714,113,629.620682
47.021891,35,629.750077
52.111879,134,629.953381
53.914262,186,630.325865
57.140647,54,630.468816
50.641237,81,630.625866
57.864,80,630.85183
59.311034,110,631.062964
8.999342,262,631.424028
54.374247,85,633.115217
44.423426,33,633.25326
61.101249,36,633.38533
52.896596,55,633.522148
58.023312,121,633.738386
52.743978,22,633.866458
36.613004,131,634.097345
31.038598,235,634.427922
52.95754,141,634.645233
42.496182,145,634.888434
47.423705,68,635.033098
63.12497,61,635.170221
52.375001,60,635.334163
54.547825,29,635.464093
52.323717,16,635.551597
65.217341,36,635.669329
93.478669,41,635.819157
16.92957,187,636.089379
41.400149,116,636.275903
47.844764,116,636.473332
30.074465,91,636.647382
52.753484,47,636.780361
50.369256,24,636.868477
57.847608,48,637.009953
67.894948,92,637.230614
38.818061,117,638.979007
83.361237,61,639.149539
61.645645,97,639.333391
35.292908,41,639.465698
42.447225,50,639.622197
63.849057,22,639.718908
58.592052,31,639.80623
52.641725,47,639.938255
38.684208,88,640.115461
71.662505,30,640.208623
65.431031,51,640.346534
38.058277,67,640.499833
61.555877,25,640.609449
44.344606,172,640.870852
67.836937,83,641.052382
54.090677,32,641.201159
55.351209,50,641.31545
43.483376,83,641.513183
67.115959,56,641.643812
45.961354,80,641.811616
69.745018,67,641.962426
55.378649,97,642.153924
46.445055,61,642.301616
58.96341,69,642.486915
44.935954,57,642.647521
72.597134,19,642.773231
63.86495,43,642.931327
40.821347,91,650.081712
58.421415,83,650.278054
42.952872,116,650.459098
7.062816,97,650.621267
24.11473,83,652.555981
81.22722,51,652.725096
59.000333,73,652.8881
65.152408,39,653.00505
52.760138,87,653.176426
29.517267,54,653.32594
44.426456,92,653.496966
3.082782,96,653.681566
57.242182,65,653.816005
59.266099,52,653.968431
80.034387,60,654.118568
43.168475,102,654.31137
62.598972,69,654.47157
70.611838,157,654.69606
72.659362,84,654.89642
65.398602,32,655.017038
13.178676,223,655.305456
33.563897,131,655.558847
71.17659,28,655.677767
28.040287,14,655.776291
87.206609,34,655.901698
62.809442,15,656.014776
53.5538,64,656.174243
64.062369,62,656.305225
43.731267,71,656.479985
58.202932,45,656.591062
40.263771,160,656.835047
43.6513,86,658.607772
28.92277,44,658.720962
61.411003,121,658.916884
49.293716,41,659.041262
81.114796,57,659.18654
50.851438,134,659.401968
74.610498,62,659.60605
65.276398,33,659.708973
65.208027,51,659.839833
24.343617,89,659.996449
29.298191,145,660.25067
73.527112,48,660.384495
46.576346,51,660.521615
27.549507,44,660.647739
58.508296,40,660.775646
47.118096,95,660.944983
37.550944,73,661.102028
58.165631,20,661.217417
94.88173,32,661.322745
64.676063,46,661.464633
43.069099,170,661.709982
80.288766,19,661.817626
25.353467,92,662.106484
19.713365,130,662.316281
70.244868,71,662.477379
51.760551,196,662.762268
33.38621,51,662.89854
51.176331,15,662.984931
54.164648,100,664.772887
44.106498,24,664.891764
17.291457,135,665.100595
52.054607,111,665.314599
69.242917,40,665.442216
70.163625,18,665.53422
68.918248,22,665.646137
50.039374,16,665.753372
79.626405,28,665.897816
44.942484,239,673.471231
47.939406,37,673.61855
39.257884,114,673.826634
28.107809,165,674.059294
61.460673,21,674.173549
51.979174,253,674.631991
71.058512,26,674.74961
48.881246,39,674.895124
85.480541,227,675.240634
42.617202,117,675.438277
42.449518,94,675.622017
59.309839,29,675.742047
39.919676,65,675.885908
53.819852,54,676.033488
51.852398,49,676.165726
38.106322,93,677.901488
25.579853,71,678.152377
47.883468,35,678.393818
7.432793,98,678.708925
66.10251,53,678.914418
74.346973,45,679.042801
33.75618,109,679.228977
66.320872,130,679.466777
52.022115,82,679.658689
75.076042,59,679.785891
2.279828,92,680.080028
32.472017,76,680.324854
27.569763,76,680.549224
26.660491,134,680.8765
46.470827,58,681.058273
50.264215,54,681.226119
41.284735,130,681.44684
65.806383,17,681.556721
73.978318,24,681.669067
57.613554,13,681.749982
53.662694,105,681.9421
40.862173,54,682.083953
39.228283,50,682.243222
56.691355,174,682.526726
63.748593,61,682.675927
54.217871,32,682.801352
57.359281,43,682.933879
40.170585,80,683.104163
10.055417,80,684.740044
49.325601,31,684.871263
83.898997,45,685.047222
49.857203,77,685.204175
43.91881,111,685.396574
79.605773,45,685.543704
38.292572,93,685.738982
31.560368,90,685.91125
69.247315,26,685.994406
53.483956,52,686.114526
53.561319,67,686.293553
28.385567,203,686.616704
70.66349,49,686.750058
31.634253,129,686.977989
46.57696,111,687.360122
34.787171,122,687.572418
52.837092,160,694.29214
49.31833,22,694.398505
28.775068,44,694.532262
37.815992,159,694.761236
42.912121,244,695.083894
78.204767,42,695.220419
38.28633,122,695.527817
78.58456,54,697.281575
17.23705,175,697.540186
38.501689,263,697.880872
19.121208,102,698.033716
31.195364,108,698.22551
51.734151,199,698.50534
49.809302,33,698.612577
52.400835,82,698.793931
63.489056,73,698.95808
49.316236,78,699.106282
65.56924,14,699.223338
67.507611,53,699.341808
44.301386,19,699.445959
83.74475,39,699.565392
68.270701,55,699.727043
72.22996,62,699.875904
42.990135,166,700.14591
38.675619,56,700.297211
62.968571,86,700.479138
52.729649,34,700.602787
35.854841,55,700.737663
73.001295,71,700.878742
86.049076,29,700.981093
61.818422,85,701.152959
70.216471,62,702.827668
48.869678,243,703.178252
22.674367,176,703.436285
54.0284,69,703.579718
51.231118,54,703.717372
61.799425,68,703.885073
-19.18009,331,704.282767
52.810146,34,704.41524
7.429636,117,704.608966
42.400419,54,704.733646
64.517525,113,704.957248
61.726494,249,705.313386
71.588,73,705.470813
24.7727,149,705.711775
44.530233,66,705.857
50.523535,49,705.978789
75.416773,21,706.096553
26.17811,44,706.222689
40.890175,85,706.379994
33.410276,61,708.284674
72.776388,144,708.550202
80.075371,35,708.702086
75.303627,20,708.784975
78.252681,78,715.535232
43.793605,85,715.695791
58.449644,116,715.88774
41.761993,64,716.032548
49.629924,37,716.188076
86.239821,36,716.314914
32.448015,30,716.450233
60.111663,88,716.763767
58.385762,75,716.927885
41.110134,94,717.150406
37.912383,84,717.327428
60.594564,139,717.546205
75.982393,59,717.69773
69.160474,156,717.935632
-7.257218,152,718.177465
53.6335,72,718.364724
84.782579,24,718.479948
66.196635,59,718.605198
59.585639,50,718.726332
41.022589,130,718.95977
60.772423,65,719.102697
6.894352,158,720.965693
47.78613,103,721.175819
62.255012,133,721.396984
40.19134,65,721.555209
53.136821,127,721.775487
52.665106,119,721.98544
57.522267,111,722.168136
43.186212,98,722.342685
29.380746,101,722.536348
50.748843,31,722.655826
66.676179,44,722.778307
49.933561,57,722.956838
53.618417,46,723.085046
15.881054,130,723.271055
66.099451,38,723.390169
20.750787,172,723.655888
60.0319,22,723.756241
49.853064,216,724.053036
52.674842,59,724.174677
53.058061,73,724.336242
35.37503,97,724.522972
42.039467,127,724.727358
79.943562,46,724.859767
42.975083,60,726.509374
48.17044,144,726.752784
51.758054,46,726.890162
39.76342,144,727.134187
41.810681,111,727.321466
78.00177,54,727.484397
72.522701,54,727.626275
61.624404,32,727.74984
61.282264,54,727.872189
40.418118,155,728.118433
46.756651,129,728.326369
70.104793,17,728.437335
44.381259,58,728.584681
56.379749,54,728.727895
71.65377,29,728.829131
53.439718,58,736.701878
55.244844,59,736.843186
69.590276,42,736.976967
30.888453,72,737.132715
72.164456,23,737.257401
70.501125,38,737.379993
49.009246,114,737.581926
27.118046,117,737.893125
52.32618,70,738.098153
28.341609,48,738.254316
29.035473,74,738.448852
66.911045,15,738.537961
32.978968,147,738.770112
58.160459,58,740.800144
56.009378,135,741.169328
61.044439,39,741.295978
57.480335,132,741.508249
34.467367,94,741.698851
56.526076,51,741.875903
60.106651,28,741.998881
75.916285,32,742.110785
55.631535,59,742.266308
28.241213,59,742.416181
48.799373,49,742.572062
72.707548,74,742.727258
52.452108,43,742.857106
33.307906,51,743.013411
46.186639,74,743.159436
32.690144,64,743.290724
45.943598,55,743.432955
84.322133,54,743.563914
67.512417,46,743.702354
81.51115,27,743.801686
47.762615,108,744.032904
6.310261,67,744.176112
55.82153,131,744.409381
76.780149,27,744.511453
57.765997,71,744.664981
27.316984,112,744.860475
32.551689,39,745.027003
52.204992,84,745.184577
25.737365,87,745.352155
83.542494,50,745.480299
69.328603,28,745.62316
53.789518,60,745.785231
47.673178,58,747.717126
61.359685,54,747.859344
66.161265,65,747.994676
45.160517,40,748.116326
77.335446,73,748.272681
35.216683,121,748.486574
76.594589,53,748.651055
46.726807,130,748.877879
42.215638,93,749.046471
55.884634,70,749.175506
71.641191,85,749.352282
59.348009,62,749.488073
61.112755,77,749.651831
54.103928,20,749.744845
64.506646,133,749.977483
49.331986,31,750.106588
88.995219,15,750.206444
56.962741,79,750.349501
33.256705,75,750.520027
38.107397,78,750.682159
67.959662,43,750.801588
63.235546,47,750.921248
31.912838,45,751.056032
79.177361,54,751.216105
24.685165,49,751.372639
55.933729,35,751.500607
39.384687,101,751.695666
11.447849,64,751.852607
69.343009,27,751.967244
62.07425,62,752.134152
64.290154,63,752.272371
38.621589,67,753.950661
21.560357,221,761.231997
77.133251,61,761.364397
32.709384,89,761.53302
63.032413,67,761.688854
55.530078,64,761.835393
52.10688,112,762.022174
49.053241,49,762.27604
42.454561,78,762.445156
43.850306,38,762.570193
35.532442,42,762.729508
38.180424,83,762.873697
47.5223,88,763.044279
51.581008,70,763.217667
35.955989,106,763.420537
47.820692,45,763.542878
71.407441,58,763.687841
29.488399,72,763.841497
62.39005,105,764.058199
71.724759,58,764.197658
50.140604,66,764.350873
41.578424,78,764.532515
30.295415,83,764.672471
24.712672,81,764.823705
23.7234,38,764.934057
101.055021,10,765.048927
25.915506,71,765.209114
58.252108,18,765.319822
62.053189,51,765.454754
66.974155,54,767.158844
52.498463,39,767.29298
50.585166,33,767.409052
67.780196,47,767.535707
87.616853,42,767.673567
38.642723,199,767.962816
70.66659,81,768.131292
49.118582,58,768.259124
59.032625,44,768.395039
54.104378,248,768.742319
38.776868,69,768.916486
43.284837,113,769.118711
39.198726,76,769.27557
44.060912,90,769.443787
44.755478,21,769.553603
42.144694,119,769.772785
64.714153,22,769.877594
62.103268,39,770.02007
68.255488,33,770.151993
60.693896,29,770.262183
41.094209,48,770.380398
35.43707,61,770.547836
44.439938,45,770.669384
40.315324,44,770.788014
47.948458,69,770.942948
45.667065,91,771.105043
63.186181,42,771.22409
24.622687,64,771.379339
38.431331,55,771.502801
49.845594,34,771.622231
53.836137,33,771.744158
40.778933,55,773.35011
55.309111,34,773.491234
61.943911,54,773.63585
37.286718,59,773.793333
40.299045,42,773.910347
53.095635,33,774.026734
44.138911,45,774.153529
43.91804,29,774.2743
83.752872,46,774.395662
79.954028,45,774.530519
19.9336,218,774.842808
-1.184043,207,775.127831
46.108633,78,775.286866
46.362833,113,782.956525
41.521438,29,783.239218
49.490774,114,783.43454
47.865652,36,783.591618
55.862015,31,783.710114
76.424947,28,783.837935
63.936427,109,784.152933
39.447881,103,784.360976
41.043408,111,784.614394
49.697025,74,784.76389
58.050064,56,784.918907
50.637143,122,785.127874
58.028507,97,785.311689
45.772461,89,785.477358
42.886486,59,787.094166
80.910305,29,787.245121
54.139166,46,787.366536
52.136876,92,787.552233
68.636724,12,787.665212
51.541099,156,787.897712
36.785448,81,788.053382
53.24481,25,788.168314
48.089378,20,788.282985
76.44486,34,788.422356
50.728224,103,788.613256
56.617159,32,788.743394
82.7082,27,788.849972
27.776529,99,789.016447
20.546168,57,789.165338
42.173525,105,789.36012
79.527542,78,789.523399
53.021661,44,789.663765
41.957729,170,789.90937
51.034842,35,790.029516
44.568626,177,790.303753
71.809264,29,790.421283
43.85864,61,790.58104
49.52988,77,790.760799
69.380762,39,790.90199
66.122285,52,791.042256
71.140833,22,791.138135
39.508078,58,791.284932
59.714673,39,791.434721
26.399626,64,791.590187
59.092669,43,791.701316
23.687698,114,791.916356
88.735072,15,793.497671
74.06995,57,793.680911
21.131672,75,793.868114
77.237278,37,793.987051
31.263938,47,794.129764
84.67312,30,794.254838
48.847537,60,794.411618
50.733012,50,794.562673
33.233903,37,794.679401
48.831098,29,794.793229
43.679469,89,794.966146
56.328744,55,795.081727
19.888266,161,795.310526
69.071516,35,795.418891
35.606742,79,795.571246
60.79907,47,795.680264
40.249429,52,795.804625
50.465891,34,795.94277
59.580277,231,796.278663
48.982145,84,796.441916
83.624851,27,796.55598
60.521028,53,796.676643
75.789876,30,796.777157
79.299135,26,796.913932
75.672711,56,797.044601
45.427211,66,797.182379
56.677069,30,797.301078
49.824324,61,797.473908
52.379766,59,797.619114
61.07128,46,797.7432
66.084638,78,804.827524
58.721174,50,804.946325
54.795419,49,805.066665
24.794676,73,805.221992
56.812679,68,807.134168
77.63591,37,807.416503
69.219846,55,807.569046
35.791918,78,807.723268
38.922246,83,807.869477
47.00635,27,808.002842
58.011502,124,808.210425
53.799539,51,808.352737
52.979488,59,808.481559
69.989886,12,808.586113
57.529849,59,808.712952
67.164173,42,808.842849
50.846187,18,808.940305
53.220376,19,809.039627
25.470895,126,809.252283
64.543185,21,809.355724
51.434357,45,809.510704
42.346512,65,809.651998
55.867284,88,809.817877
72.814521,33,809.913981
65.786316,26,810.022347
45.279633,128,810.236381
83.399365,44,810.353978
-108.7719,400,810.817396
37.541724,41,810.93116
72.929528,18,811.05178
44.132207,51,811.182572
75.541027,91,811.390491
82.886207,37,811.51981
34.268807,79,811.674804
68.590384,68,813.37163
60.492988,102,813.621682
68.296762,46,813.763154
49.367549,29,813.851172
79.975367,58,813.995434
10.251234,215,814.299245
56.004936,132,814.503035
55.7315,32,814.631698
55.766164,55,814.778102
27.553348,234,815.115006
45.7521,26,815.215775
69.642909,51,815.332469
65.552013,76,815.504926
54.263073,46,815.631782
50.122473,73,815.812543
56.372649,106,816.014524
46.5063,44,816.163477
87.518223,36,816.275979
51.384018,25,816.402051
47.47855,71,816.529485
33.910795,34,816.662016
70.691847,43,816.783904
71.606043,66,816.94265
72.447732,32,817.041708
43.666682,89,817.214104
31.521751,73,817.364877
35.947022,117,817.567262
50.970133,29,817.690894
55.392461,70,817.850428
65.381684,52,819.468409
40.781926,118,819.701053
58.20396,52,819.832351
45.281749,21,819.930036
65.311009,62,820.09595
49.183671,68,820.257289
46.908085,154,820.491735
45.32464,133,820.713892
50.98324,62,828.234768
51.424653,51,828.357867
59.426948,18,828.458139
72.745832,53,828.580411
65.09871,63,828.718924
87.091307,56,828.852779
70.502917,45,828.947383
48.334541,33,829.075763
87.158006,20,829.207974
34.752514,110,829.514806
68.694155,40,829.655016
21.072893,36,829.765483
72.45371,55,829.958385
76.769571,63,830.117317
-55.557737,115,830.332487
50.070757,67,830.488294
62.44412,45,830.612467
51.731854,146,830.830901
46.347225,108,831.037219
60.606586,42,831.175906
55.540925,28,831.300905
45.71816,49,831.435184
50.840453,44,831.570363
43.324109,79,833.23053
64.564374,22,833.406326
67.755758,50,833.548674
67.392648,32,833.684886
34.045913,173,833.960466
66.059472,144,834.20232
56.928,176,834.463022
37.802573,130,834.692924
25.037414,50,834.821925
80.028505,21,834.90788
40.656919,52,835.042169
27.279219,49,835.218424
34.385229,97,835.386853
62.539475,52,835.521905
43.820815,98,835.723149
45.333655,38,835.846561
43.210928,45,835.983157
52.682504,122,836.218463
94.928991,43,836.330607
51.076068,53,836.451678
60.18247,175,836.707099
73.02735,74,836.870384
-0.640216,73,837.026892
53.367038,37,837.15014
45.946328,57,837.285036
45.678742,85,837.43213
14.255006,47,837.55757
42.688338,167,839.376146
63.953977,38,839.505665
56.440289,102,839.682181
63.987656,86,839.85126
40.766092,69,839.998546
6.844088,80,840.186495
58.519843,33,840.285492
80.262861,85,840.469869
7.63478,113,840.679029
44.29541,88,840.864622
50.675949,33,840.984142
20.722123,128,841.184198
61.286201,42,841.319414
24.276456,87,841.499424
72.88507,28,841.621391
58.049378,33,841.720333
71.231335,57,841.888598
24.882624,44,842.003595
43.09404,65,842.168174
37.386342,24,842.277763
91.84998,33,842.399205
60.093975,90,842.571911
29.997033,137,849.799469
1.704039,107,849.982418
82.792907,101,850.192617
48.250369,56,850.323803
71.879405,84,850.506849
85.914344,37,850.648556
46.712715,20,850.746095
47.953072,12,850.904858
41.669665,150,852.8663
68.374851,154,853.086847
68.030799,53,853.230009
57.086237,105,853.431842
81.116727,19,853.53825
10.79812,118,853.755823
39.474728,39,853.869719
37.394238,121,854.068715
34.274689,92,854.253293
10.239231,56,854.377776
68.365277,26,854.487978
80.107396,20,854.574439
41.07464,98,854.726684
20.91278,300,855.096687
61.101423,20,855.190936
59.695789,45,855.319089
-26.519508,347,855.758411
53.497944,49,855.910362
62.850392,40,856.036426
79.034867,49,856.151379
64.49147,22,856.258062
40.86079,99,856.44322
50.400777,25,856.526222
52.140009,39,858.22604
30.301872,100,858.431668
75.041332,130,858.650113
66.991583,21,858.777401
55.731581,34,858.909452
70.344327,60,859.05625
47.471437,64,859.213638
78.086115,43,859.323365
69.382804,27,859.43166
45.725392,104,859.58991
55.983991,86,859.77306
62.366522,30,859.984507
53.241716,35,860.245869
41.428109,49,860.463475
83.646737,60,860.750399
65.397451,18,860.988995
35.372378,52,861.220154
60.910464,84,861.496954
69.769632,26,861.612034
49.169504,118,861.825408
41.04467,43,862.013918
70.854839,25,862.129343
44.854545,83,862.284026
68.241221,89,862.458899
53.48563,41,862.577395
44.130062,149,862.803755
62.239949,38,862.963053
70.25938,59,863.095229
50.672801,45,863.209856
61.850682,68,863.359347
45.803505,58,863.535095
50.561396,96,863.723649
56.905973,70,863.870414
57.346035,44,865.61528
51.239663,46,865.767824
55.171469,32,865.888426
55.420047,17,865.98096
30.113878,84,866.15669
42.246163,49,866.267923
44.218892,82,866.453127
56.206389,65,866.589844
62.33744,118,873.332126
35.428976,125,873.546304
48.445335,56,873.683805
46.511999,44,873.843998
60.724016,30,873.945925
66.090429,43,874.081994
88.12341,23,874.168371
58.373199,17,874.262452
67.820271,64,874.535333
66.793888,25,874.651953
29.813709,41,874.768009
73.565905,47,874.940871
59.411194,106,875.114687
41.240557,64,875.290373
59.846874,36,875.4187
61.094846,32,875.519552
46.526883,56,875.672432
47.686874,74,875.869204
68.487504,33,875.999368
79.439841,53,876.147618
49.630948,34,876.25971
78.984473,35,876.379885
62.113165,17,876.487338
56.854439,40,876.61736
49.004551,103,876.829096
64.572073,98,877.017419
77.908786,23,877.136997
36.17531,57,877.270412
38.735669,33,877.379428
51.876531,24,877.495981
71.104779,46,877.660576
36.558982,54,879.300376
53.798009,20,879.436742
28.659063,49,879.582513
66.606556,37,879.692372
43.81381,29,879.804439
50.564041,79,879.971105
61.550586,80,880.141706
53.488776,116,880.328547
70.862305,35,880.442005
20.167267,77,880.595125
65.356767,72,880.728473
33.559747,36,880.864053
57.577889,35,880.978649
52.450868,36,881.100274
66.701729,17,881.211434
51.241636,104,881.389123
54.445692,126,881.595698
77.151654,45,881.741126
68.78643,37,881.850105
66.240494,19,881.96628
43.099899,51,882.094391
-20.01199,92,882.261077
41.875574,112,882.446364
24.099647,67,882.612576
77.931683,24,882.718818
43.450695,52,882.871622
18.819576,82,883.037817
74.710588,34,883.181005
25.612157,54,883.308358
71.515621,39,883.416352
61.024606,30,883.541906
44.225144,63,883.714003
46.076769,89,883.889857
77.871086,27,884.005656
66.510794,56,884.151243
51.242538,53,884.305829
49.250974,83,885.998548
55.243033,62,886.173858
50.333732,15,886.294048
36.270672,48,886.43837
49.171793,40,886.567631
52.395252,37,886.697695
50.11027,40,886.820461
57.03567,41,886.96693
79.238662,62,887.11187
52.810628,110,887.3143
71.303433,108,887.526346
57.31964,68,887.647121
51.704442,21,887.741899
75.587411,31,887.874238
53.232427,31,888.047542
67.369009,51,888.187319
84.598658,45,888.351701
54.223769,80,888.559831
49.833187,71,888.727103
70.622568,40,888.862342
43.566029,65,889.003659
62.603522,31,889.103168
49.521612,46,889.240618
55.106824,39,889.37427
48.850537,40,889.64626
44.224849,41,889.788715
65.061918,21,889.882802
17.91836,63,896.527392
44.721471,34,896.643139
45.089616,105,896.812087
63.543338,38,896.93664
49.054104,109,897.133416
50.143633,66,897.277879
65.385897,45,897.414732
31.388933,41,897.580056
55.530574,15,897.754236
52.189957,87,898.083119
42.597673,91,898.287215
